country_code,country,year,value,dataset,yoy_growth
DE,Germany,2008,38471.5,htec_emp_nat2,
DE,Germany,2009,38392.6,htec_emp_nat2,-0.20508688249744056
DE,Germany,2010,37911.9,htec_emp_nat2,-1.2520641998718385
DE,Germany,2011,38689.5,htec_emp_nat2,2.0510710357434014
DE,Germany,2012,39018.5,htec_emp_nat2,0.8503599167732911
DE,Germany,2013,39407.2,htec_emp_nat2,0.9961941130489205
DE,Germany,2014,39734.6,htec_emp_nat2,0.830812643374812
DE,Germany,2015,40058.0,htec_emp_nat2,0.8139002280128649
DE,Germany,2016,41107.1,htec_emp_nat2,2.6189525188476726
DE,Germany,2017,41489.8,htec_emp_nat2,0.9309827256118952
DE,Germany,2018,41735.2,htec_emp_nat2,0.5914706747200293
DE,Germany,2019,42221.2,htec_emp_nat2,1.1644846556384092
DE,Germany,2020,41300.9,htec_emp_nat2,-2.179710666679291
DE,Germany,2021,40682.3,htec_emp_nat2,-1.4977881837926033
DE,Germany,2022,41735.2,htec_emp_nat2,2.58810342581417
DE,Germany,2023,42270.4,htec_emp_nat2,1.2823707565795983
DE,Germany,2024,42480.1,htec_emp_nat2,0.4960918278511528
DE,Germany,2004,947.6,isoc_sks_itsps,
DE,Germany,2005,1047.4,isoc_sks_itsps,10.531869987336439
DE,Germany,2006,1061.9,isoc_sks_itsps,1.384380370441085
DE,Germany,2007,1076.9,isoc_sks_itsps,1.4125623881721339
DE,Germany,2008,1121.2,isoc_sks_itsps,4.113659578419537
DE,Germany,2009,1143.1,isoc_sks_itsps,1.9532643596146926
DE,Germany,2010,1189.5,isoc_sks_itsps,4.059137433295423
DE,Germany,2011,1009.3,isoc_sks_itsps,-15.149222362337122
DE,Germany,2012,1148.0,isoc_sks_itsps,13.74219756266719
DE,Germany,2013,1178.8,isoc_sks_itsps,2.682926829268295
DE,Germany,2014,1183.4,isoc_sks_itsps,0.3902273498473052
DE,Germany,2015,1226.9,isoc_sks_itsps,3.6758492479296967
DE,Germany,2016,1285.6,isoc_sks_itsps,4.784416007824577
DE,Germany,2017,1298.3,isoc_sks_itsps,0.9878655880522835
DE,Germany,2018,1349.9,isoc_sks_itsps,3.97442809828239
DE,Germany,2019,1403.7,isoc_sks_itsps,3.985480405955988
DE,Germany,2020,1594.3,isoc_sks_itsps,13.578399943007756
DE,Germany,2021,1622.7,isoc_sks_itsps,1.7813460452863472
DE,Germany,2022,1699.0,isoc_sks_itsps,4.702039810192882
DE,Germany,2023,1708.1,isoc_sks_itsps,0.5356091818716768
DE,Germany,2024,1832.2,isoc_sks_itsps,7.265382588841418
DE,Germany,2010,803002.0,jvs_q_nace2,
DE,Germany,2011,918699.0,jvs_q_nace2,14.40805875950495
DE,Germany,2011,798251.0,jvs_q_nace2,-13.110714172977222
DE,Germany,2011,785241.0,jvs_q_nace2,-1.6298131790627224
DE,Germany,2011,918234.0,jvs_q_nace2,16.936583800387407
DE,Germany,2012,766163.0,jvs_q_nace2,-16.561246915274317
DE,Germany,2012,836342.0,jvs_q_nace2,9.159800199174327
DE,Germany,2012,777104.0,jvs_q_nace2,-7.082987581635269
DE,Germany,2012,869532.0,jvs_q_nace2,11.89390351870534
DE,Germany,2013,779853.0,jvs_q_nace2,-10.313478974896839
DE,Germany,2013,729684.0,jvs_q_nace2,-6.433135475531926
DE,Germany,2013,763160.0,jvs_q_nace2,4.587739350184461
DE,Germany,2013,909340.0,jvs_q_nace2,19.15456784946801
DE,Germany,2014,871157.0,jvs_q_nace2,-4.198979479622588
DE,Germany,2014,824955.0,jvs_q_nace2,-5.303521638464703
DE,Germany,2014,821846.0,jvs_q_nace2,-0.3768690413416542
DE,Germany,2014,987672.0,jvs_q_nace2,20.177259486570478
DE,Germany,2015,934259.0,jvs_q_nace2,-5.407969447346894
DE,Germany,2015,877665.0,jvs_q_nace2,-6.0576349813060375
DE,Germany,2015,872875.0,jvs_q_nace2,-0.5457663231415166
DE,Germany,2015,1047079.0,jvs_q_nace2,19.957496777889162
DE,Germany,2016,971353.0,jvs_q_nace2,-7.232119066469678
DE,Germany,2016,981946.0,jvs_q_nace2,1.0905407200060058
DE,Germany,2016,931516.0,jvs_q_nace2,-5.1357202941913265
DE,Germany,2016,1052000.0,jvs_q_nace2,12.934184705362007
DE,Germany,2017,1059070.0,jvs_q_nace2,0.6720532319391737
DE,Germany,2017,1101065.0,jvs_q_nace2,3.9652714173756154
DE,Germany,2017,1103098.0,jvs_q_nace2,0.1846394172914323
DE,Germany,2017,1181383.0,jvs_q_nace2,7.09683092526685
DE,Germany,2018,1181126.0,jvs_q_nace2,-0.021754164398846143
DE,Germany,2018,1211237.0,jvs_q_nace2,2.5493469790691226
DE,Germany,2018,1240795.0,jvs_q_nace2,2.440315148893246
DE,Germany,2018,1442440.0,jvs_q_nace2,16.25127438456795
DE,Germany,2019,1354779.0,jvs_q_nace2,-6.077271844929422
DE,Germany,2019,1376355.0,jvs_q_nace2,1.5925844731871308
DE,Germany,2019,1349375.0,jvs_q_nace2,-1.9602500808294399
DE,Germany,2019,1419112.0,jvs_q_nace2,5.168096340898565
DE,Germany,2020,1220601.0,jvs_q_nace2,-13.988395560040367
DE,Germany,2020,844240.0,jvs_q_nace2,-30.834072723191287
DE,Germany,2020,968747.0,jvs_q_nace2,14.747820524969214
DE,Germany,2020,1178755.0,jvs_q_nace2,21.6783122941284
DE,Germany,2021,1176119.0,jvs_q_nace2,-0.2236257746520698
DE,Germany,2021,1151882.0,jvs_q_nace2,-2.0607608583825265
DE,Germany,2021,1373944.0,jvs_q_nace2,19.278189953484826
DE,Germany,2021,1686344.0,jvs_q_nace2,22.737462371101014
DE,Germany,2022,1722740.0,jvs_q_nace2,2.158278500709221
DE,Germany,2022,1832768.0,jvs_q_nace2,6.38680241940166
DE,Germany,2022,1758516.0,jvs_q_nace2,-4.051358382512138
DE,Germany,2022,1986684.0,jvs_q_nace2,12.975031219505539
DE,Germany,2023,1799710.0,jvs_q_nace2,-9.41136084047589
DE,Germany,2023,1746225.0,jvs_q_nace2,-2.971867689794472
DE,Germany,2023,1703742.0,jvs_q_nace2,-2.4328480006871933
DE,Germany,2023,1712972.0,jvs_q_nace2,0.5417486919967907
DE,Germany,2024,1566973.0,jvs_q_nace2,-8.52313989954302
DE,Germany,2024,1337170.0,jvs_q_nace2,-14.665409040232348
DE,Germany,2024,1279127.0,jvs_q_nace2,-4.340734536371594
DE,Germany,2024,1403199.0,jvs_q_nace2,9.69974052615572
DE,Germany,2025,1177049.0,jvs_q_nace2,-16.11674466700732
DE,Germany,2025,1057735.0,jvs_q_nace2,-10.136706288353336
DE,Germany,2025,1033010.0,jvs_q_nace2,-2.3375420119406076
DE,Germany,2025,1244089.0,jvs_q_nace2,20.43339367479502
EE,Estonia,2008,656.0,htec_emp_nat2,
EE,Estonia,2009,593.9,htec_emp_nat2,-9.466463414634152
EE,Estonia,2010,568.0,htec_emp_nat2,-4.361003535948804
EE,Estonia,2011,603.2,htec_emp_nat2,6.197183098591563
EE,Estonia,2012,614.9,htec_emp_nat2,1.93965517241379
EE,Estonia,2013,621.3,htec_emp_nat2,1.040819645470803
EE,Estonia,2014,624.8,htec_emp_nat2,0.5633349428617374
EE,Estonia,2015,632.8,htec_emp_nat2,1.2804097311139628
EE,Estonia,2016,638.7,htec_emp_nat2,0.9323640960809287
EE,Estonia,2017,650.3,htec_emp_nat2,1.8161891341787806
EE,Estonia,2018,656.5,htec_emp_nat2,0.9534061202522093
EE,Estonia,2019,662.2,htec_emp_nat2,0.8682406702208656
EE,Estonia,2020,646.8,htec_emp_nat2,-2.3255813953488524
EE,Estonia,2021,650.5,htec_emp_nat2,0.5720470006184364
EE,Estonia,2022,677.3,htec_emp_nat2,4.119907763259034
EE,Estonia,2023,694.6,htec_emp_nat2,2.5542595600177354
EE,Estonia,2024,698.6,htec_emp_nat2,0.5758710048949123
EE,Estonia,2004,14.6,isoc_sks_itsps,
EE,Estonia,2005,8.6,isoc_sks_itsps,-41.0958904109589
EE,Estonia,2006,13.2,isoc_sks_itsps,53.48837209302326
EE,Estonia,2007,14.4,isoc_sks_itsps,9.090909090909104
EE,Estonia,2008,15.3,isoc_sks_itsps,6.25
EE,Estonia,2009,14.0,isoc_sks_itsps,-8.496732026143794
EE,Estonia,2010,14.5,isoc_sks_itsps,3.571428571428581
EE,Estonia,2011,16.0,isoc_sks_itsps,10.344827586206895
EE,Estonia,2012,17.3,isoc_sks_itsps,8.125000000000004
EE,Estonia,2013,20.7,isoc_sks_itsps,19.653179190751445
EE,Estonia,2014,19.8,isoc_sks_itsps,-4.347826086956519
EE,Estonia,2015,20.8,isoc_sks_itsps,5.050505050505061
EE,Estonia,2016,26.2,isoc_sks_itsps,25.96153846153846
EE,Estonia,2017,27.3,isoc_sks_itsps,4.198473282442761
EE,Estonia,2018,27.6,isoc_sks_itsps,1.098901098901095
EE,Estonia,2019,29.1,isoc_sks_itsps,5.434782608695654
EE,Estonia,2020,31.3,isoc_sks_itsps,7.560137457044669
EE,Estonia,2021,31.2,isoc_sks_itsps,-0.31948881789137795
EE,Estonia,2022,33.8,isoc_sks_itsps,8.333333333333325
EE,Estonia,2023,34.2,isoc_sks_itsps,1.183431952662728
EE,Estonia,2024,36.9,isoc_sks_itsps,7.894736842105243
EE,Estonia,2008,16948.0,jvs_q_nace2,
EE,Estonia,2008,15644.0,jvs_q_nace2,-7.694123200377623
EE,Estonia,2008,15983.0,jvs_q_nace2,2.166964970595764
EE,Estonia,2008,10211.0,jvs_q_nace2,-36.113370456109614
EE,Estonia,2009,4048.0,jvs_q_nace2,-60.35647830770737
EE,Estonia,2009,4858.0,jvs_q_nace2,20.009881422924902
EE,Estonia,2009,3712.0,jvs_q_nace2,-23.589954713874018
EE,Estonia,2010,4712.0,jvs_q_nace2,26.93965517241379
EE,Estonia,2010,5244.0,jvs_q_nace2,11.290322580645151
EE,Estonia,2010,5851.0,jvs_q_nace2,11.575133485888633
EE,Estonia,2010,4815.0,jvs_q_nace2,-17.70637497863613
EE,Estonia,2011,5880.0,jvs_q_nace2,22.118380062305288
EE,Estonia,2011,6325.0,jvs_q_nace2,7.568027210884343
EE,Estonia,2011,7834.0,jvs_q_nace2,23.857707509881433
EE,Estonia,2011,6319.0,jvs_q_nace2,-19.338779678325245
EE,Estonia,2012,7040.0,jvs_q_nace2,11.410033233106498
EE,Estonia,2012,8162.0,jvs_q_nace2,15.937500000000004
EE,Estonia,2012,7628.0,jvs_q_nace2,-6.542514089683904
EE,Estonia,2012,6590.0,jvs_q_nace2,-13.60776088096487
EE,Estonia,2013,6967.0,jvs_q_nace2,5.720789074355093
EE,Estonia,2013,7600.0,jvs_q_nace2,9.085689679919629
EE,Estonia,2013,8568.0,jvs_q_nace2,12.736842105263158
EE,Estonia,2013,6361.0,jvs_q_nace2,-25.75863678804855
EE,Estonia,2014,7178.0,jvs_q_nace2,12.843892469737472
EE,Estonia,2014,7630.0,jvs_q_nace2,6.297018668152687
EE,Estonia,2014,8593.0,jvs_q_nace2,12.621231979030135
EE,Estonia,2014,7226.0,jvs_q_nace2,-15.908297451413944
EE,Estonia,2015,8471.0,jvs_q_nace2,17.229449211181837
EE,Estonia,2015,8875.0,jvs_q_nace2,4.769212607720452
EE,Estonia,2015,6615.0,jvs_q_nace2,-25.46478873239436
EE,Estonia,2016,8286.0,jvs_q_nace2,25.26077097505668
EE,Estonia,2016,9534.0,jvs_q_nace2,15.061549601737866
EE,Estonia,2016,11062.0,jvs_q_nace2,16.02685126914203
EE,Estonia,2016,9064.0,jvs_q_nace2,-18.061833303200146
EE,Estonia,2017,11205.0,jvs_q_nace2,23.620917917034422
EE,Estonia,2017,12027.0,jvs_q_nace2,7.336010709504692
EE,Estonia,2017,12725.0,jvs_q_nace2,5.803608547434935
EE,Estonia,2017,10587.0,jvs_q_nace2,-16.801571709233787
EE,Estonia,2018,10575.0,jvs_q_nace2,-0.11334655709832608
EE,Estonia,2018,11428.0,jvs_q_nace2,8.066193853427905
EE,Estonia,2018,11444.0,jvs_q_nace2,0.14000700035001756
EE,Estonia,2018,10503.0,jvs_q_nace2,-8.222649423278572
EE,Estonia,2019,11456.0,jvs_q_nace2,9.07359801961345
EE,Estonia,2019,11180.0,jvs_q_nace2,-2.4092178770949713
EE,Estonia,2019,11892.0,jvs_q_nace2,6.368515205724501
EE,Estonia,2019,10376.0,jvs_q_nace2,-12.748065926673391
EE,Estonia,2020,8613.0,jvs_q_nace2,-16.991133384734002
EE,Estonia,2020,8088.0,jvs_q_nace2,-6.0954371299198895
EE,Estonia,2020,8689.0,jvs_q_nace2,7.430761622156279
EE,Estonia,2020,8707.0,jvs_q_nace2,0.20715847623431483
EE,Estonia,2021,9443.0,jvs_q_nace2,8.452968875617328
EE,Estonia,2021,10542.0,jvs_q_nace2,11.638250555967389
EE,Estonia,2021,11518.0,jvs_q_nace2,9.25820527414154
EE,Estonia,2021,11103.0,jvs_q_nace2,-3.6030560861260663
EE,Estonia,2022,13093.0,jvs_q_nace2,17.923083851211373
EE,Estonia,2022,13353.0,jvs_q_nace2,1.9857939356908272
EE,Estonia,2022,13210.0,jvs_q_nace2,-1.0709203924211819
EE,Estonia,2022,11310.0,jvs_q_nace2,-14.383043149129449
EE,Estonia,2023,11461.0,jvs_q_nace2,1.3351016799292736
EE,Estonia,2023,11079.0,jvs_q_nace2,-3.33304249192915
EE,Estonia,2023,12040.0,jvs_q_nace2,8.674068056683826
EE,Estonia,2023,9199.0,jvs_q_nace2,-23.59634551495017
EE,Estonia,2024,9598.0,jvs_q_nace2,4.337427981302322
EE,Estonia,2024,9908.0,jvs_q_nace2,3.2298395499062327
EE,Estonia,2024,9905.0,jvs_q_nace2,-0.030278562777552587
EE,Estonia,2024,9071.0,jvs_q_nace2,-8.419989904088842
EE,Estonia,2025,9130.0,jvs_q_nace2,0.6504244295006067
EE,Estonia,2025,10344.0,jvs_q_nace2,13.296823658269453
EE,Estonia,2025,9375.0,jvs_q_nace2,-9.367749419953597
EU27_2020,European Union - 27 countries (from 2020),2008,192779.4,htec_emp_nat2,
EU27_2020,European Union - 27 countries (from 2020),2009,189294.7,htec_emp_nat2,-1.8076101492171759
EU27_2020,European Union - 27 countries (from 2020),2010,186516.6,htec_emp_nat2,-1.467605801958538
EU27_2020,European Union - 27 countries (from 2020),2011,186525.5,htec_emp_nat2,0.0047716932433772286
EU27_2020,European Union - 27 countries (from 2020),2012,185787.9,htec_emp_nat2,-0.3954419100873685
EU27_2020,European Union - 27 countries (from 2020),2013,185045.2,htec_emp_nat2,-0.39975692711957667
EU27_2020,European Union - 27 countries (from 2020),2014,187209.2,htec_emp_nat2,1.1694440061130962
EU27_2020,European Union - 27 countries (from 2020),2015,189226.5,htec_emp_nat2,1.0775645641346587
EU27_2020,European Union - 27 countries (from 2020),2016,192089.6,htec_emp_nat2,1.513054461188057
EU27_2020,European Union - 27 countries (from 2020),2017,195050.4,htec_emp_nat2,1.5413640301192633
EU27_2020,European Union - 27 countries (from 2020),2018,197122.4,htec_emp_nat2,1.0622895415749012
EU27_2020,European Union - 27 countries (from 2020),2019,199354.0,htec_emp_nat2,1.132088489182359
EU27_2020,European Union - 27 countries (from 2020),2020,196320.6,htec_emp_nat2,-1.52161481585521
EU27_2020,European Union - 27 countries (from 2020),2021,197198.9,htec_emp_nat2,0.44738045829118
EU27_2020,European Union - 27 countries (from 2020),2022,201977.2,htec_emp_nat2,2.4230865385151734
EU27_2020,European Union - 27 countries (from 2020),2023,204425.3,htec_emp_nat2,1.2120675006881854
EU27_2020,European Union - 27 countries (from 2020),2024,206502.6,htec_emp_nat2,1.0161658072655566
EU27_2020,European Union - 27 countries (from 2020),2004,4365.1,isoc_sks_itsps,
EU27_2020,European Union - 27 countries (from 2020),2005,4701.4,isoc_sks_itsps,7.7042908524432185
EU27_2020,European Union - 27 countries (from 2020),2006,4932.0,isoc_sks_itsps,4.90492193814609
EU27_2020,European Union - 27 countries (from 2020),2007,5074.9,isoc_sks_itsps,2.897404703974038
EU27_2020,European Union - 27 countries (from 2020),2008,5203.6,isoc_sks_itsps,2.536010561784474
EU27_2020,European Union - 27 countries (from 2020),2009,5224.8,isoc_sks_itsps,0.4074102544392222
EU27_2020,European Union - 27 countries (from 2020),2010,5267.7,isoc_sks_itsps,0.8210840606339032
EU27_2020,European Union - 27 countries (from 2020),2011,4720.3,isoc_sks_itsps,-10.391632021565378
EU27_2020,European Union - 27 countries (from 2020),2012,4937.8,isoc_sks_itsps,4.607757981484228
EU27_2020,European Union - 27 countries (from 2020),2013,5128.5,isoc_sks_itsps,3.8620438251852907
EU27_2020,European Union - 27 countries (from 2020),2014,5311.7,isoc_sks_itsps,3.572194598810574
EU27_2020,European Union - 27 countries (from 2020),2015,5481.6,isoc_sks_itsps,3.1985993184856287
EU27_2020,European Union - 27 countries (from 2020),2016,5745.8,isoc_sks_itsps,4.8197606538237014
EU27_2020,European Union - 27 countries (from 2020),2017,5952.3,isoc_sks_itsps,3.593929478923741
EU27_2020,European Union - 27 countries (from 2020),2018,6274.5,isoc_sks_itsps,5.413033617257201
EU27_2020,European Union - 27 countries (from 2020),2019,6487.1,isoc_sks_itsps,3.3883177942465537
EU27_2020,European Union - 27 countries (from 2020),2020,6892.2,isoc_sks_itsps,6.244701022028321
EU27_2020,European Union - 27 countries (from 2020),2021,7245.2,isoc_sks_itsps,5.1217318127738665
EU27_2020,European Union - 27 countries (from 2020),2022,7628.9,isoc_sks_itsps,5.295920057417325
EU27_2020,European Union - 27 countries (from 2020),2023,7903.6,isoc_sks_itsps,3.600781239759354
EU27_2020,European Union - 27 countries (from 2020),2024,8273.9,isoc_sks_itsps,4.685206741231829
IE,Ireland,2008,2191.1,htec_emp_nat2,
IE,Ireland,2009,2007.9,htec_emp_nat2,-8.361097165807118
IE,Ireland,2010,1917.9,htec_emp_nat2,-4.482294935006726
IE,Ireland,2011,1880.8,htec_emp_nat2,-1.934407424787532
IE,Ireland,2012,1873.1,htec_emp_nat2,-0.4094002552105458
IE,Ireland,2013,1930.0,htec_emp_nat2,3.0377449148470514
IE,Ireland,2014,1980.1,htec_emp_nat2,2.5958549222797833
IE,Ireland,2015,2047.0,htec_emp_nat2,3.378617241553461
IE,Ireland,2016,2122.2,htec_emp_nat2,3.6736687835857262
IE,Ireland,2017,2184.1,htec_emp_nat2,2.91678446894732
IE,Ireland,2018,2245.8,htec_emp_nat2,2.8249622270042796
IE,Ireland,2019,2310.8,htec_emp_nat2,2.8942915664796454
IE,Ireland,2020,2279.6,htec_emp_nat2,-1.3501817552362905
IE,Ireland,2021,2413.0,htec_emp_nat2,5.851903842779449
IE,Ireland,2022,2579.3,htec_emp_nat2,6.8918358889349385
IE,Ireland,2023,2667.8,htec_emp_nat2,3.4311634939712343
IE,Ireland,2024,2737.2,htec_emp_nat2,2.601394407376856
IE,Ireland,2004,44.3,isoc_sks_itsps,
IE,Ireland,2005,44.9,isoc_sks_itsps,1.3544018058690765
IE,Ireland,2006,45.2,isoc_sks_itsps,0.6681514476614803
IE,Ireland,2007,52.4,isoc_sks_itsps,15.92920353982299
IE,Ireland,2008,52.4,isoc_sks_itsps,0.0
IE,Ireland,2009,51.6,isoc_sks_itsps,-1.5267175572518998
IE,Ireland,2010,53.4,isoc_sks_itsps,3.48837209302324
IE,Ireland,2011,67.7,isoc_sks_itsps,26.779026217228473
IE,Ireland,2012,69.4,isoc_sks_itsps,2.5110782865583436
IE,Ireland,2013,70.4,isoc_sks_itsps,1.4409221902017322
IE,Ireland,2014,74.7,isoc_sks_itsps,6.107954545454541
IE,Ireland,2015,76.1,isoc_sks_itsps,1.8741633199464314
IE,Ireland,2016,82.1,isoc_sks_itsps,7.88436268068331
IE,Ireland,2017,85.7,isoc_sks_itsps,4.38489646772231
IE,Ireland,2018,87.2,isoc_sks_itsps,1.75029171528589
IE,Ireland,2019,88.9,isoc_sks_itsps,1.9495412844036775
IE,Ireland,2020,102.8,isoc_sks_itsps,15.635545556805397
IE,Ireland,2021,122.2,isoc_sks_itsps,18.8715953307393
IE,Ireland,2022,126.6,isoc_sks_itsps,3.6006546644844484
IE,Ireland,2023,126.3,isoc_sks_itsps,-0.23696682464454666
IE,Ireland,2024,131.2,isoc_sks_itsps,3.87965162311954
NL,Netherlands,2008,8358.3,htec_emp_nat2,
NL,Netherlands,2009,8361.0,htec_emp_nat2,0.032303219554230544
NL,Netherlands,2010,8277.8,htec_emp_nat2,-0.9950962803492502
NL,Netherlands,2011,8279.7,htec_emp_nat2,0.022952958515554123
NL,Netherlands,2012,8330.0,htec_emp_nat2,0.6075099339347911
NL,Netherlands,2013,8266.4,htec_emp_nat2,-0.7635054021608689
NL,Netherlands,2014,8214.1,htec_emp_nat2,-0.632681699409654
NL,Netherlands,2015,8293.6,htec_emp_nat2,0.9678479687366792
NL,Netherlands,2016,8403.1,htec_emp_nat2,1.3202951673579655
NL,Netherlands,2017,8579.4,htec_emp_nat2,2.098035248896224
NL,Netherlands,2018,8774.5,htec_emp_nat2,2.27405179849407
NL,Netherlands,2019,8952.6,htec_emp_nat2,2.029745284631601
NL,Netherlands,2020,8951.3,htec_emp_nat2,-0.014520921296623523
NL,Netherlands,2021,9255.3,htec_emp_nat2,3.39615474847228
NL,Netherlands,2022,9548.0,htec_emp_nat2,3.162512290255326
NL,Netherlands,2023,9737.0,htec_emp_nat2,1.9794721407624616
NL,Netherlands,2024,9797.6,htec_emp_nat2,0.6223682859196833
NL,Netherlands,2004,283.2,isoc_sks_itsps,
NL,Netherlands,2005,268.6,isoc_sks_itsps,-5.155367231638408
NL,Netherlands,2006,255.5,isoc_sks_itsps,-4.877140729709617
NL,Netherlands,2007,254.7,isoc_sks_itsps,-0.31311154598826496
NL,Netherlands,2008,265.1,isoc_sks_itsps,4.083235178641553
NL,Netherlands,2009,267.8,isoc_sks_itsps,1.0184835910976853
NL,Netherlands,2010,278.5,isoc_sks_itsps,3.995519044062723
NL,Netherlands,2011,328.8,isoc_sks_itsps,18.061041292639146
NL,Netherlands,2012,328.9,isoc_sks_itsps,0.0304136253041154
NL,Netherlands,2013,331.9,isoc_sks_itsps,0.9121313469139469
NL,Netherlands,2014,342.4,isoc_sks_itsps,3.163603495028622
NL,Netherlands,2015,356.9,isoc_sks_itsps,4.2348130841121545
NL,Netherlands,2016,363.0,isoc_sks_itsps,1.7091622303166298
NL,Netherlands,2017,363.3,isoc_sks_itsps,0.08264462809917106
NL,Netherlands,2018,394.4,isoc_sks_itsps,8.560418387007962
NL,Netherlands,2019,417.4,isoc_sks_itsps,5.831643002028408
NL,Netherlands,2020,434.2,isoc_sks_itsps,4.024916147580271
NL,Netherlands,2021,511.8,isoc_sks_itsps,17.871948410870566
NL,Netherlands,2022,552.1,isoc_sks_itsps,7.874169597499026
NL,Netherlands,2023,546.5,isoc_sks_itsps,-1.0143090019923973
NL,Netherlands,2024,556.1,isoc_sks_itsps,1.7566331198536123
NL,Netherlands,2001,216800.0,jvs_q_nace2,
NL,Netherlands,2001,219400.0,jvs_q_nace2,1.1992619926199266
NL,Netherlands,2001,172100.0,jvs_q_nace2,-21.558796718322704
NL,Netherlands,2001,165300.0,jvs_q_nace2,-3.9511911679256273
NL,Netherlands,2002,178900.0,jvs_q_nace2,8.227465214761033
NL,Netherlands,2002,163000.0,jvs_q_nace2,-8.887646730016774
NL,Netherlands,2002,116200.0,jvs_q_nace2,-28.711656441717793
NL,Netherlands,2002,121800.0,jvs_q_nace2,4.819277108433728
NL,Netherlands,2003,124100.0,jvs_q_nace2,1.8883415435139606
NL,Netherlands,2003,125700.0,jvs_q_nace2,1.2892828364222453
NL,Netherlands,2003,81800.0,jvs_q_nace2,-34.92442322991249
NL,Netherlands,2003,94800.0,jvs_q_nace2,15.892420537897301
NL,Netherlands,2004,121500.0,jvs_q_nace2,28.164556962025312
NL,Netherlands,2004,136300.0,jvs_q_nace2,12.181069958847734
NL,Netherlands,2004,109600.0,jvs_q_nace2,-19.58914159941306
NL,Netherlands,2004,120700.0,jvs_q_nace2,10.127737226277379
NL,Netherlands,2005,154100.0,jvs_q_nace2,27.671913835956907
NL,Netherlands,2005,154400.0,jvs_q_nace2,0.1946787800129801
NL,Netherlands,2005,153300.0,jvs_q_nace2,-0.7124352331606243
NL,Netherlands,2005,157300.0,jvs_q_nace2,2.609262883235486
NL,Netherlands,2006,192100.0,jvs_q_nace2,22.123331214240306
NL,Netherlands,2006,223000.0,jvs_q_nace2,16.085372201978142
NL,Netherlands,2006,220600.0,jvs_q_nace2,-1.076233183856501
NL,Netherlands,2006,221700.0,jvs_q_nace2,0.49864007252946596
NL,Netherlands,2007,239200.0,jvs_q_nace2,7.893549842129
NL,Netherlands,2007,251200.0,jvs_q_nace2,5.0167224080267525
NL,Netherlands,2007,238300.0,jvs_q_nace2,-5.135350318471332
NL,Netherlands,2007,240600.0,jvs_q_nace2,0.9651699538397063
NL,Netherlands,2008,250300.0,jvs_q_nace2,4.031587697423111
NL,Netherlands,2008,256700.0,jvs_q_nace2,2.5569316819816112
NL,Netherlands,2008,239200.0,jvs_q_nace2,-6.817296455005839
NL,Netherlands,2008,189900.0,jvs_q_nace2,-20.61036789297659
NL,Netherlands,2009,155900.0,jvs_q_nace2,-17.904160084254872
NL,Netherlands,2009,138400.0,jvs_q_nace2,-11.225144323284153
NL,Netherlands,2009,124700.0,jvs_q_nace2,-9.898843930635836
NL,Netherlands,2009,119400.0,jvs_q_nace2,-4.250200481154776
NL,Netherlands,2010,116000.0,jvs_q_nace2,-2.8475711892797295
NL,Netherlands,2010,124900.0,jvs_q_nace2,7.672413793103439
NL,Netherlands,2010,123400.0,jvs_q_nace2,-1.2009607686148893
NL,Netherlands,2010,124400.0,jvs_q_nace2,0.8103727714748876
NL,Netherlands,2011,135500.0,jvs_q_nace2,8.922829581993575
NL,Netherlands,2011,143600.0,jvs_q_nace2,5.977859778597794
NL,Netherlands,2011,130600.0,jvs_q_nace2,-9.052924791086348
NL,Netherlands,2011,116600.0,jvs_q_nace2,-10.719754977029094
NL,Netherlands,2012,118200.0,jvs_q_nace2,1.3722126929674117
NL,Netherlands,2012,116100.0,jvs_q_nace2,-1.7766497461928932
NL,Netherlands,2012,106000.0,jvs_q_nace2,-8.69939707149009
NL,Netherlands,2012,94900.0,jvs_q_nace2,-10.47169811320755
NL,Netherlands,2013,97100.0,jvs_q_nace2,2.3182297154899834
NL,Netherlands,2013,96800.0,jvs_q_nace2,-0.3089598352214229
NL,Netherlands,2013,93700.0,jvs_q_nace2,-3.2024793388429784
NL,Netherlands,2013,91000.0,jvs_q_nace2,-2.8815368196371427
NL,Netherlands,2014,105500.0,jvs_q_nace2,15.934065934065945
NL,Netherlands,2014,112900.0,jvs_q_nace2,7.014218009478679
NL,Netherlands,2014,112084.0,jvs_q_nace2,-0.7227635075287897
NL,Netherlands,2014,112867.0,jvs_q_nace2,0.6985832054530627
NL,Netherlands,2015,126987.0,jvs_q_nace2,12.510299733314433
NL,Netherlands,2015,136497.0,jvs_q_nace2,7.488955562380406
NL,Netherlands,2015,130868.0,jvs_q_nace2,-4.123900158977856
NL,Netherlands,2015,136279.0,jvs_q_nace2,4.134700614359499
NL,Netherlands,2016,152951.0,jvs_q_nace2,12.23372639951863
NL,Netherlands,2016,161831.0,jvs_q_nace2,5.805780936378313
NL,Netherlands,2016,159145.0,jvs_q_nace2,-1.6597561653824089
NL,Netherlands,2016,163355.0,jvs_q_nace2,2.6453862829495023
NL,Netherlands,2017,188516.0,jvs_q_nace2,15.40265066878883
NL,Netherlands,2017,212817.0,jvs_q_nace2,12.890683018948002
NL,Netherlands,2017,210051.0,jvs_q_nace2,-1.2997082000028248
NL,Netherlands,2017,218574.0,jvs_q_nace2,4.0575860148249765
NL,Netherlands,2018,237755.0,jvs_q_nace2,8.775517673648281
NL,Netherlands,2018,260600.0,jvs_q_nace2,9.608630733317902
NL,Netherlands,2018,258300.0,jvs_q_nace2,-0.8825786646201039
NL,Netherlands,2018,254900.0,jvs_q_nace2,-1.316298877274491
NL,Netherlands,2019,278908.0,jvs_q_nace2,9.418595527657914
NL,Netherlands,2019,293800.0,jvs_q_nace2,5.339395069341868
NL,Netherlands,2019,283800.0,jvs_q_nace2,-3.403675970047648
NL,Netherlands,2019,281200.0,jvs_q_nace2,-0.9161381254404466
NL,Netherlands,2020,221700.0,jvs_q_nace2,-21.159317211948792
NL,Netherlands,2020,200400.0,jvs_q_nace2,-9.607577807848443
NL,Netherlands,2020,215600.0,jvs_q_nace2,7.584830339321358
NL,Netherlands,2020,213700.0,jvs_q_nace2,-0.8812615955473113
NL,Netherlands,2021,248500.0,jvs_q_nace2,16.28451099672439
NL,Netherlands,2021,333600.0,jvs_q_nace2,34.24547283702213
NL,Netherlands,2021,376300.0,jvs_q_nace2,12.79976019184652
NL,Netherlands,2021,376400.0,jvs_q_nace2,0.026574541589163836
NL,Netherlands,2022,448200.0,jvs_q_nace2,19.07545164718385
NL,Netherlands,2022,479800.0,jvs_q_nace2,7.050423917893789
NL,Netherlands,2022,451900.0,jvs_q_nace2,-5.814922884535223
NL,Netherlands,2022,418900.0,jvs_q_nace2,-7.302500553219737
NL,Netherlands,2023,432900.0,jvs_q_nace2,3.3420864168059117
NL,Netherlands,2023,441200.0,jvs_q_nace2,1.917301917301928
NL,Netherlands,2023,416800.0,jvs_q_nace2,-5.530371713508608
NL,Netherlands,2023,389200.0,jvs_q_nace2,-6.621880998080609
NL,Netherlands,2024,413000.0,jvs_q_nace2,6.115107913669071
NL,Netherlands,2024,418900.0,jvs_q_nace2,1.4285714285714235
NL,Netherlands,2024,396400.0,jvs_q_nace2,-5.371210312723795
NL,Netherlands,2024,383800.0,jvs_q_nace2,-3.1786074672048414
NL,Netherlands,2025,396700.0,jvs_q_nace2,3.3611255862428413
NL,Netherlands,2025,402700.0,jvs_q_nace2,1.5124779430299995
NL,Netherlands,2025,384300.0,jvs_q_nace2,-4.569158182269684
NO,Norway,2008,2513.7,htec_emp_nat2,
NO,Norway,2009,2499.5,htec_emp_nat2,-0.5649043243028173
NO,Norway,2010,2500.8,htec_emp_nat2,0.05201040208042684
NO,Norway,2011,2535.5,htec_emp_nat2,1.3875559820857308
NO,Norway,2012,2585.4,htec_emp_nat2,1.9680536383356317
NO,Norway,2013,2601.6,htec_emp_nat2,0.6265954977953125
NO,Norway,2014,2626.6,htec_emp_nat2,0.9609471094710997
NO,Norway,2015,2641.0,htec_emp_nat2,0.5482372649052047
NO,Norway,2016,2638.2,htec_emp_nat2,-0.10602044680045886
NO,Norway,2017,2643.9,htec_emp_nat2,0.2160564020923461
NO,Norway,2018,2685.8,htec_emp_nat2,1.5847800597602157
NO,Norway,2019,2715.5,htec_emp_nat2,1.1058157718370598
NO,Norway,2020,2702.0,htec_emp_nat2,-0.4971460136254824
NO,Norway,2021,2772.2,htec_emp_nat2,2.5980754996298927
NO,Norway,2022,2846.2,htec_emp_nat2,2.669360075030669
NO,Norway,2023,2876.1,htec_emp_nat2,1.0505235050242367
NO,Norway,2024,2888.7,htec_emp_nat2,0.4380932512777713
NO,Norway,2011,92.0,isoc_sks_itsps,
NO,Norway,2012,95.4,isoc_sks_itsps,3.6956521739130554
NO,Norway,2013,99.1,isoc_sks_itsps,3.8784067085953833
NO,Norway,2014,99.3,isoc_sks_itsps,0.20181634712412855
NO,Norway,2015,96.0,isoc_sks_itsps,-3.3232628398791486
NO,Norway,2016,92.7,isoc_sks_itsps,-3.4374999999999933
NO,Norway,2017,99.3,isoc_sks_itsps,7.119741100323629
NO,Norway,2018,95.4,isoc_sks_itsps,-3.927492447129899
NO,Norway,2019,100.2,isoc_sks_itsps,5.031446540880502
NO,Norway,2020,110.0,isoc_sks_itsps,9.78043912175648
NO,Norway,2021,120.9,isoc_sks_itsps,9.909090909090912
NO,Norway,2022,118.0,isoc_sks_itsps,-2.3986765922249798
NO,Norway,2023,120.7,isoc_sks_itsps,2.2881355932203418
NO,Norway,2024,125.7,isoc_sks_itsps,4.142502071251042
NO,Norway,2010,60520.0,jvs_q_nace2,
NO,Norway,2010,67931.0,jvs_q_nace2,12.245538664904165
NO,Norway,2010,63945.0,jvs_q_nace2,-5.86771871457803
NO,Norway,2010,55808.0,jvs_q_nace2,-12.72499804519509
NO,Norway,2011,68860.0,jvs_q_nace2,23.387327981651374
NO,Norway,2011,78473.0,jvs_q_nace2,13.960209119953525
NO,Norway,2011,68039.0,jvs_q_nace2,-13.29629299249423
NO,Norway,2011,62203.0,jvs_q_nace2,-8.577433530769119
NO,Norway,2012,69198.0,jvs_q_nace2,11.245438322910474
NO,Norway,2012,71966.0,jvs_q_nace2,4.000115610277755
NO,Norway,2012,60897.0,jvs_q_nace2,-15.380874301753611
NO,Norway,2012,57815.0,jvs_q_nace2,-5.061004647191158
NO,Norway,2013,67568.0,jvs_q_nace2,16.869324569748343
NO,Norway,2013,74317.0,jvs_q_nace2,9.988456073881125
NO,Norway,2013,59092.0,jvs_q_nace2,-20.486564312337684
NO,Norway,2013,50868.0,jvs_q_nace2,-13.91728152711027
NO,Norway,2014,61774.0,jvs_q_nace2,21.439804985452547
NO,Norway,2014,64831.0,jvs_q_nace2,4.948683912325569
NO,Norway,2014,54097.0,jvs_q_nace2,-16.556894078450124
NO,Norway,2014,53706.0,jvs_q_nace2,-0.7227757546629188
NO,Norway,2015,60422.0,jvs_q_nace2,12.505120470710906
NO,Norway,2015,62794.0,jvs_q_nace2,3.925722418986455
NO,Norway,2015,49457.0,jvs_q_nace2,-21.239290378061593
NO,Norway,2015,44982.0,jvs_q_nace2,-9.048264148654383
NO,Norway,2016,55291.0,jvs_q_nace2,22.918056111333417
NO,Norway,2016,56198.0,jvs_q_nace2,1.6404116402307878
NO,Norway,2016,52333.0,jvs_q_nace2,-6.877468949072918
NO,Norway,2016,48720.0,jvs_q_nace2,-6.903865629717387
NO,Norway,2017,58264.0,jvs_q_nace2,19.589490968801314
NO,Norway,2017,65357.0,jvs_q_nace2,12.173898118907033
NO,Norway,2017,56699.0,jvs_q_nace2,-13.247242070474474
NO,Norway,2017,57983.0,jvs_q_nace2,2.2645902044127864
NO,Norway,2018,68436.0,jvs_q_nace2,18.02769777348534
NO,Norway,2018,75200.0,jvs_q_nace2,9.883686948389748
NO,Norway,2018,68385.0,jvs_q_nace2,-9.062499999999996
NO,Norway,2018,59704.0,jvs_q_nace2,-12.694304306499959
NO,Norway,2019,75713.0,jvs_q_nace2,26.813948814149803
NO,Norway,2019,84533.0,jvs_q_nace2,11.649254421301492
NO,Norway,2019,65844.0,jvs_q_nace2,-22.108525664533374
NO,Norway,2019,63861.0,jvs_q_nace2,-3.0116639329323847
NO,Norway,2020,71583.0,jvs_q_nace2,12.091887067224128
NO,Norway,2020,59872.0,jvs_q_nace2,-16.360029615970273
NO,Norway,2020,59397.0,jvs_q_nace2,-0.7933591662212747
NO,Norway,2020,60025.0,jvs_q_nace2,1.0572924558479357
NO,Norway,2021,74570.0,jvs_q_nace2,24.231570179092053
NO,Norway,2021,101876.0,jvs_q_nace2,36.617942872468824
NO,Norway,2021,92380.0,jvs_q_nace2,-9.321135498056465
NO,Norway,2021,86331.0,jvs_q_nace2,-6.547954102619613
NO,Norway,2022,104948.0,jvs_q_nace2,21.564675493160056
NO,Norway,2022,117967.0,jvs_q_nace2,12.405191142279982
NO,Norway,2022,95979.0,jvs_q_nace2,-18.639110937804638
NO,Norway,2022,108473.0,jvs_q_nace2,13.017430896341908
NO,Norway,2023,136166.0,jvs_q_nace2,25.52985535571064
NO,Norway,2023,128069.0,jvs_q_nace2,-5.946418342317461
NO,Norway,2023,110318.0,jvs_q_nace2,-13.860497075795076
NO,Norway,2023,97976.0,jvs_q_nace2,-11.187657499229498
NO,Norway,2024,123220.0,jvs_q_nace2,25.765493590267006
NO,Norway,2024,107592.0,jvs_q_nace2,-12.683006005518582
NO,Norway,2024,94397.0,jvs_q_nace2,-12.26392296825043
NO,Norway,2024,80165.0,jvs_q_nace2,-15.076750320455101
NO,Norway,2025,107350.0,jvs_q_nace2,33.91130792739973
NO,Norway,2025,94650.0,jvs_q_nace2,-11.830461108523526
NO,Norway,2025,82597.0,jvs_q_nace2,-12.734284204965663
NO,Norway,2025,74036.0,jvs_q_nace2,-10.364783224572315
PL,Poland,2008,15757.6,htec_emp_nat2,
PL,Poland,2009,15824.4,htec_emp_nat2,0.42392242473472397
PL,Poland,2010,15432.4,htec_emp_nat2,-2.477187128737901
PL,Poland,2011,15518.8,htec_emp_nat2,0.5598610715118912
PL,Poland,2012,15549.8,htec_emp_nat2,0.19975771322524594
PL,Poland,2013,15531.8,htec_emp_nat2,-0.1157571158471482
PL,Poland,2014,15826.1,htec_emp_nat2,1.8948222356713451
PL,Poland,2015,16052.6,htec_emp_nat2,1.4311801391372558
PL,Poland,2016,16163.3,htec_emp_nat2,0.6896079139827815
PL,Poland,2017,16390.7,htec_emp_nat2,1.4068909195523283
PL,Poland,2018,16456.5,htec_emp_nat2,0.40144716211021336
PL,Poland,2019,16892.0,htec_emp_nat2,2.64637073496794
PL,Poland,2020,16922.8,htec_emp_nat2,0.182334833057074
PL,Poland,2021,17129.8,htec_emp_nat2,1.223201834211829
PL,Poland,2022,17219.3,htec_emp_nat2,0.5224812899158104
PL,Poland,2023,17268.5,htec_emp_nat2,0.28572590058830727
PL,Poland,2024,17190.5,htec_emp_nat2,-0.4516894924284087
PL,Poland,2004,234.2,isoc_sks_itsps,
PL,Poland,2005,256.1,isoc_sks_itsps,9.35098206660976
PL,Poland,2006,282.0,isoc_sks_itsps,10.1132370167903
PL,Poland,2007,313.2,isoc_sks_itsps,11.063829787234036
PL,Poland,2008,332.0,isoc_sks_itsps,6.002554278416361
PL,Poland,2009,349.5,isoc_sks_itsps,5.2710843373493965
PL,Poland,2010,331.0,isoc_sks_itsps,-5.293276108726753
PL,Poland,2011,304.7,isoc_sks_itsps,-7.945619335347431
PL,Poland,2012,330.3,isoc_sks_itsps,8.401706596652447
PL,Poland,2013,346.0,isoc_sks_itsps,4.753254617014835
PL,Poland,2014,355.9,isoc_sks_itsps,2.8612716763005697
PL,Poland,2015,366.8,isoc_sks_itsps,3.0626580500140665
PL,Poland,2016,369.6,isoc_sks_itsps,0.7633587786259666
PL,Poland,2017,384.9,isoc_sks_itsps,4.139610389610371
PL,Poland,2018,418.3,isoc_sks_itsps,8.677578591842039
PL,Poland,2019,469.1,isoc_sks_itsps,12.144393975615596
PL,Poland,2020,504.8,isoc_sks_itsps,7.610317629503305
PL,Poland,2021,529.2,isoc_sks_itsps,4.83359746434231
PL,Poland,2022,536.7,isoc_sks_itsps,1.4172335600907138
PL,Poland,2023,602.8,isoc_sks_itsps,12.31600521706724
PL,Poland,2024,636.6,isoc_sks_itsps,5.607166556071674
PL,Poland,2010,79582.0,jvs_q_nace2,
PL,Poland,2010,69684.0,jvs_q_nace2,-12.437485863637509
PL,Poland,2010,67778.0,jvs_q_nace2,-2.7352046380804795
PL,Poland,2010,58906.0,jvs_q_nace2,-13.089793148219186
PL,Poland,2011,74112.0,jvs_q_nace2,25.814008759718867
PL,Poland,2011,61043.0,jvs_q_nace2,-17.634121329879104
PL,Poland,2011,57769.0,jvs_q_nace2,-5.363432334583818
PL,Poland,2011,45461.0,jvs_q_nace2,-21.30554449618307
PL,Poland,2012,52708.0,jvs_q_nace2,15.941136358637076
PL,Poland,2012,51771.0,jvs_q_nace2,-1.7777187523715599
PL,Poland,2012,43547.0,jvs_q_nace2,-15.885341214193271
PL,Poland,2012,35489.0,jvs_q_nace2,-18.50414494683905
PL,Poland,2013,44326.0,jvs_q_nace2,24.900673448110688
PL,Poland,2013,44367.0,jvs_q_nace2,0.09249650318097213
PL,Poland,2013,45627.0,jvs_q_nace2,2.839948610453713
PL,Poland,2013,39208.0,jvs_q_nace2,-14.068424397834612
PL,Poland,2014,54233.0,jvs_q_nace2,38.32126096714956
PL,Poland,2014,56531.0,jvs_q_nace2,4.23727250935777
PL,Poland,2014,60126.0,jvs_q_nace2,6.359342661548539
PL,Poland,2014,54396.0,jvs_q_nace2,-9.529987027242793
PL,Poland,2015,74638.0,jvs_q_nace2,37.21229502169277
PL,Poland,2015,74847.0,jvs_q_nace2,0.2800182212813862
PL,Poland,2015,73154.0,jvs_q_nace2,-2.26194770665491
PL,Poland,2015,63939.0,jvs_q_nace2,-12.596713781884795
PL,Poland,2016,89593.0,jvs_q_nace2,40.12261686920346
PL,Poland,2016,94304.0,jvs_q_nace2,5.258223298695208
PL,Poland,2016,95479.0,jvs_q_nace2,1.2459704784526737
PL,Poland,2016,77975.0,jvs_q_nace2,-18.332827113815608
PL,Poland,2017,118824.0,jvs_q_nace2,52.38730362295607
PL,Poland,2017,122033.0,jvs_q_nace2,2.700632868780728
PL,Poland,2017,131186.0,jvs_q_nace2,7.500430211500175
PL,Poland,2017,117816.0,jvs_q_nace2,-10.19163630265425
PL,Poland,2018,152414.0,jvs_q_nace2,29.366130236979693
PL,Poland,2018,164745.0,jvs_q_nace2,8.090464130591668
PL,Poland,2018,157155.0,jvs_q_nace2,-4.607120094691797
PL,Poland,2018,139193.0,jvs_q_nace2,-11.429480449238017
PL,Poland,2019,142458.0,jvs_q_nace2,2.3456639342495755
PL,Poland,2019,151828.0,jvs_q_nace2,6.577377191874101
PL,Poland,2019,148644.0,jvs_q_nace2,-2.097109887504278
PL,Poland,2019,125442.0,jvs_q_nace2,-15.609106321143129
PL,Poland,2020,76512.0,jvs_q_nace2,-39.006074520495524
PL,Poland,2020,81421.0,jvs_q_nace2,6.415987034713511
PL,Poland,2020,91123.0,jvs_q_nace2,11.915844806622378
PL,Poland,2020,84393.0,jvs_q_nace2,-7.3856216322992
PL,Poland,2021,110201.0,jvs_q_nace2,30.580735369047197
PL,Poland,2021,142840.0,jvs_q_nace2,29.61769856897851
PL,Poland,2021,153525.0,jvs_q_nace2,7.480397647717729
PL,Poland,2021,137430.0,jvs_q_nace2,-10.483634587200786
PL,Poland,2022,158666.0,jvs_q_nace2,15.452230226297026
PL,Poland,2022,149320.0,jvs_q_nace2,-5.890360883869262
PL,Poland,2022,135511.0,jvs_q_nace2,-9.247923921778733
PL,Poland,2022,115698.0,jvs_q_nace2,-14.62095328054549
PL,Poland,2023,114896.0,jvs_q_nace2,-0.6931839789797611
PL,Poland,2023,113199.0,jvs_q_nace2,-1.476987884695724
PL,Poland,2023,111195.0,jvs_q_nace2,-1.7703336601913477
PL,Poland,2023,97134.0,jvs_q_nace2,-12.645352758667205
PL,Poland,2024,111982.0,jvs_q_nace2,15.286099614964899
PL,Poland,2024,110816.0,jvs_q_nace2,-1.0412387705166948
PL,Poland,2024,114264.0,jvs_q_nace2,3.1114640485128575
PL,Poland,2024,91014.0,jvs_q_nace2,-20.347616047048945
PL,Poland,2025,101026.0,jvs_q_nace2,11.000505416749062
PL,Poland,2025,95734.0,jvs_q_nace2,-5.238255498584521
PL,Poland,2025,94738.0,jvs_q_nace2,-1.040382727139788
PT,Portugal,2008,5017.5,htec_emp_nat2,
PT,Portugal,2009,4874.0,htec_emp_nat2,-2.859990034877924
PT,Portugal,2010,4798.1,htec_emp_nat2,-1.5572425112843624
PT,Portugal,2011,4644.7,htec_emp_nat2,-3.197098851628777
PT,Portugal,2012,4451.0,htec_emp_nat2,-4.170344693952243
PT,Portugal,2013,4341.6,htec_emp_nat2,-2.457874634913493
PT,Portugal,2014,4427.9,htec_emp_nat2,1.987746452920569
PT,Portugal,2015,4487.0,htec_emp_nat2,1.3347184895774689
PT,Portugal,2016,4554.1,htec_emp_nat2,1.495431245821277
PT,Portugal,2017,4706.8,htec_emp_nat2,3.353022551107787
PT,Portugal,2018,4817.0,htec_emp_nat2,2.3412934477776703
PT,Portugal,2019,4869.2,htec_emp_nat2,1.083662030309318
PT,Portugal,2020,4755.1,htec_emp_nat2,-2.343300747556054
PT,Portugal,2021,4757.1,htec_emp_nat2,0.042060103888452716
PT,Portugal,2022,4908.8,htec_emp_nat2,3.18891761787643
PT,Portugal,2023,5016.7,htec_emp_nat2,2.1980932203389703
PT,Portugal,2024,5083.4,htec_emp_nat2,1.329559272031422
PT,Portugal,2004,82.1,isoc_sks_itsps,
PT,Portugal,2005,92.7,isoc_sks_itsps,12.911084043848975
PT,Portugal,2006,102.1,isoc_sks_itsps,10.140237324703328
PT,Portugal,2007,105.1,isoc_sks_itsps,2.938295788442713
PT,Portugal,2008,103.9,isoc_sks_itsps,-1.1417697431017948
PT,Portugal,2009,104.5,isoc_sks_itsps,0.5774783445620768
PT,Portugal,2010,101.5,isoc_sks_itsps,-2.8708133971291905
PT,Portugal,2011,74.5,isoc_sks_itsps,-26.60098522167488
PT,Portugal,2012,81.4,isoc_sks_itsps,9.261744966442965
PT,Portugal,2013,90.6,isoc_sks_itsps,11.302211302211296
PT,Portugal,2014,117.8,isoc_sks_itsps,30.022075055187635
PT,Portugal,2015,108.5,isoc_sks_itsps,-7.8947368421052655
PT,Portugal,2016,113.6,isoc_sks_itsps,4.700460829493092
PT,Portugal,2017,110.6,isoc_sks_itsps,-2.6408450704225372
PT,Portugal,2018,123.6,isoc_sks_itsps,11.754068716094036
PT,Portugal,2019,144.7,isoc_sks_itsps,17.071197411003226
PT,Portugal,2020,150.0,isoc_sks_itsps,3.662750518313751
PT,Portugal,2021,171.6,isoc_sks_itsps,14.399999999999991
PT,Portugal,2022,175.2,isoc_sks_itsps,2.0979020979021046
PT,Portugal,2023,183.3,isoc_sks_itsps,4.623287671232901
PT,Portugal,2024,202.5,isoc_sks_itsps,10.474631751227491
PT,Portugal,2010,11977.0,jvs_q_nace2,
PT,Portugal,2010,14032.0,jvs_q_nace2,17.157885948067133
PT,Portugal,2010,12857.0,jvs_q_nace2,-8.373717217787913
PT,Portugal,2010,12678.0,jvs_q_nace2,-1.3922376915299073
PT,Portugal,2011,11126.0,jvs_q_nace2,-12.241678498185838
PT,Portugal,2011,11800.0,jvs_q_nace2,6.057882437533713
PT,Portugal,2011,12524.0,jvs_q_nace2,6.135593220338986
PT,Portugal,2011,13432.0,jvs_q_nace2,7.250079846694346
PT,Portugal,2012,13105.0,jvs_q_nace2,-2.4344848123883267
PT,Portugal,2012,12254.0,jvs_q_nace2,-6.493704692865321
PT,Portugal,2012,12533.0,jvs_q_nace2,2.276807573037365
PT,Portugal,2012,10210.0,jvs_q_nace2,-18.535067422005902
PT,Portugal,2013,11349.0,jvs_q_nace2,11.155729676787463
PT,Portugal,2013,12984.0,jvs_q_nace2,14.406555643669039
PT,Portugal,2013,12019.0,jvs_q_nace2,-7.43222427603204
PT,Portugal,2013,11856.0,jvs_q_nace2,-1.3561860387719449
PT,Portugal,2014,16759.0,jvs_q_nace2,41.35458839406208
PT,Portugal,2014,19758.0,jvs_q_nace2,17.89486246196075
PT,Portugal,2014,21809.0,jvs_q_nace2,10.380605324425552
PT,Portugal,2014,18349.0,jvs_q_nace2,-15.865009858315371
PT,Portugal,2015,18768.0,jvs_q_nace2,2.2835031881846435
PT,Portugal,2015,21637.0,jvs_q_nace2,15.286658141517485
PT,Portugal,2015,18932.0,jvs_q_nace2,-12.501733142302541
PT,Portugal,2015,19506.0,jvs_q_nace2,3.031903655186996
PT,Portugal,2016,21299.0,jvs_q_nace2,9.192043473802936
PT,Portugal,2016,21318.0,jvs_q_nace2,0.0892060660124816
PT,Portugal,2016,23100.0,jvs_q_nace2,8.359133126934992
PT,Portugal,2016,22414.0,jvs_q_nace2,-2.9696969696969666
PT,Portugal,2017,27664.0,jvs_q_nace2,23.42286071205497
PT,Portugal,2017,28755.0,jvs_q_nace2,3.9437536148062557
PT,Portugal,2017,27576.0,jvs_q_nace2,-4.100156494522689
PT,Portugal,2017,24592.0,jvs_q_nace2,-10.821003771395421
PT,Portugal,2018,27400.0,jvs_q_nace2,11.418347430058562
PT,Portugal,2018,27698.0,jvs_q_nace2,1.087591240875918
PT,Portugal,2018,30031.0,jvs_q_nace2,8.422990829662801
PT,Portugal,2018,27639.0,jvs_q_nace2,-7.965102727181916
PT,Portugal,2019,34149.0,jvs_q_nace2,23.553674156083805
PT,Portugal,2019,35124.0,jvs_q_nace2,2.855134850215224
PT,Portugal,2019,37306.0,jvs_q_nace2,6.2122765060927065
PT,Portugal,2019,33266.0,jvs_q_nace2,-10.829357207955825
PT,Portugal,2020,19856.0,jvs_q_nace2,-40.31142908675525
PT,Portugal,2020,23797.0,jvs_q_nace2,19.847904915390814
PT,Portugal,2020,24607.0,jvs_q_nace2,3.4037903937471192
PT,Portugal,2020,24132.0,jvs_q_nace2,-1.9303450237737274
PT,Portugal,2021,27746.0,jvs_q_nace2,14.975965522957079
PT,Portugal,2021,35462.0,jvs_q_nace2,27.809413969581207
PT,Portugal,2021,42823.0,jvs_q_nace2,20.757430488974116
PT,Portugal,2021,36543.0,jvs_q_nace2,-14.66501646311561
PT,Portugal,2022,48885.0,jvs_q_nace2,33.77391018799769
PT,Portugal,2022,51382.0,jvs_q_nace2,5.10790631072926
PT,Portugal,2022,61626.0,jvs_q_nace2,19.93694289829122
PT,Portugal,2022,54933.0,jvs_q_nace2,-10.860675688832632
PT,Portugal,2023,48103.0,jvs_q_nace2,-12.433327872135147
PT,Portugal,2023,57375.0,jvs_q_nace2,19.275305074527573
PT,Portugal,2023,53685.0,jvs_q_nace2,-6.43137254901961
PT,Portugal,2023,49348.0,jvs_q_nace2,-8.078606687156565
PT,Portugal,2024,48252.0,jvs_q_nace2,-2.2209613358190827
PT,Portugal,2024,53087.0,jvs_q_nace2,10.02031003896211
PT,Portugal,2024,53284.0,jvs_q_nace2,0.37108896716711026
PT,Portugal,2024,49084.0,jvs_q_nace2,-7.882291119285334
PT,Portugal,2025,56948.0,jvs_q_nace2,16.02151413902697
PT,Portugal,2025,54987.0,jvs_q_nace2,-3.443492308772911
PT,Portugal,2025,56952.0,jvs_q_nace2,3.573571935184683
