year,actual,fitted,type,country_code,dataset
2008,38471.5,37938.41538462043,historical,DE,htec_emp_nat2
2009,38392.6,38241.092307694256,historical,DE,htec_emp_nat2
2010,37911.9,38553.3139860183,historical,DE,htec_emp_nat2
2011,38689.5,38875.08041958138,historical,DE,htec_emp_nat2
2012,39018.5,39206.39160839841,historical,DE,htec_emp_nat2
2013,39407.2,39547.247552450746,historical,DE,htec_emp_nat2
2014,39734.6,39897.648251749575,historical,DE,htec_emp_nat2
2015,40058.0,40257.59370629862,historical,DE,htec_emp_nat2
2016,41107.1,40627.0839160867,historical,DE,htec_emp_nat2
2017,41489.8,41006.118881125,historical,DE,htec_emp_nat2
2018,41735.2,41394.69860140234,historical,DE,htec_emp_nat2
2019,42221.2,41792.8230769299,historical,DE,htec_emp_nat2
2020,41300.9,42200.49230769649,historical,DE,htec_emp_nat2
2021,40682.3,42617.70629370585,historical,DE,htec_emp_nat2
2022,41735.2,43044.46503496915,historical,DE,htec_emp_nat2
2023,42270.4,43480.768531467766,historical,DE,htec_emp_nat2
2024,42480.1,43926.61678322032,historical,DE,htec_emp_nat2
2025,,44382.009790211916,forecast,DE,htec_emp_nat2
2026,,44846.94755245373,forecast,DE,htec_emp_nat2
2027,,45321.43006993458,forecast,DE,htec_emp_nat2
2028,,45805.45734265819,forecast,DE,htec_emp_nat2
2029,,46299.02937063202,forecast,DE,htec_emp_nat2
2004,947.6,1018.9628676478751,historical,DE,isoc_sks_itsps
2005,1047.4,1030.2219852944836,historical,DE,isoc_sks_itsps
2006,1061.9,1043.297174370382,historical,DE,isoc_sks_itsps
2007,1076.9,1058.1884348741733,historical,DE,isoc_sks_itsps
2008,1121.2,1074.8957668072544,historical,DE,isoc_sks_itsps
2009,1143.1,1093.4191701682284,historical,DE,isoc_sks_itsps
2010,1189.5,1113.7586449584924,historical,DE,isoc_sks_itsps
2011,1009.3,1135.9141911766492,historical,DE,isoc_sks_itsps
2012,1148.0,1159.8858088240959,historical,DE,isoc_sks_itsps
2013,1178.8,1185.6734978994355,historical,DE,isoc_sks_itsps
2014,1183.4,1213.277258404065,historical,DE,isoc_sks_itsps
2015,1226.9,1242.6970903361216,historical,DE,isoc_sks_itsps
2016,1285.6,1273.9329936979339,historical,DE,isoc_sks_itsps
2017,1298.3,1306.984968487639,historical,DE,isoc_sks_itsps
2018,1349.9,1341.853014706634,historical,DE,isoc_sks_itsps
2019,1403.7,1378.5371323530562,historical,DE,isoc_sks_itsps
2020,1594.3,1417.037321429234,historical,DE,isoc_sks_itsps
2021,1622.7,1457.353581932839,historical,DE,isoc_sks_itsps
2022,1699.0,1499.4859138661996,historical,DE,isoc_sks_itsps
2023,1708.1,1543.4343172269873,historical,DE,isoc_sks_itsps
2024,1832.2,1589.1987920175306,historical,DE,isoc_sks_itsps
2025,,1636.7793382355012,forecast,DE,isoc_sks_itsps
2026,,1686.1759558827616,forecast,DE,isoc_sks_itsps
2027,,1737.388644957915,forecast,DE,isoc_sks_itsps
2028,,1790.4174054628238,forecast,DE,isoc_sks_itsps
2029,,1845.2622373946942,forecast,DE,isoc_sks_itsps
2010,803002.0,810539.2966041565,historical,DE,jvs_q_nace2
2011,918699.0,813975.7333755493,historical,DE,jvs_q_nace2
2011,798251.0,813975.7333755493,historical,DE,jvs_q_nace2
2011,785241.0,813975.7333755493,historical,DE,jvs_q_nace2
2011,918234.0,813975.7333755493,historical,DE,jvs_q_nace2
2012,766163.0,828383.0437355042,historical,DE,jvs_q_nace2
2012,836342.0,828383.0437355042,historical,DE,jvs_q_nace2
2012,777104.0,828383.0437355042,historical,DE,jvs_q_nace2
2012,869532.0,828383.0437355042,historical,DE,jvs_q_nace2
2013,779853.0,853761.227684021,historical,DE,jvs_q_nace2
2013,729684.0,853761.227684021,historical,DE,jvs_q_nace2
2013,763160.0,853761.227684021,historical,DE,jvs_q_nace2
2013,909340.0,853761.227684021,historical,DE,jvs_q_nace2
2014,871157.0,890110.285232544,historical,DE,jvs_q_nace2
2014,824955.0,890110.285232544,historical,DE,jvs_q_nace2
2014,821846.0,890110.285232544,historical,DE,jvs_q_nace2
2014,987672.0,890110.285232544,historical,DE,jvs_q_nace2
2015,934259.0,937430.2163658142,historical,DE,jvs_q_nace2
2015,877665.0,937430.2163658142,historical,DE,jvs_q_nace2
2015,872875.0,937430.2163658142,historical,DE,jvs_q_nace2
2015,1047079.0,937430.2163658142,historical,DE,jvs_q_nace2
2016,971353.0,995721.0210952759,historical,DE,jvs_q_nace2
2016,981946.0,995721.0210952759,historical,DE,jvs_q_nace2
2016,931516.0,995721.0210952759,historical,DE,jvs_q_nace2
2016,1052000.0,995721.0210952759,historical,DE,jvs_q_nace2
2017,1059070.0,1064982.6994132996,historical,DE,jvs_q_nace2
2017,1101065.0,1064982.6994132996,historical,DE,jvs_q_nace2
2017,1103098.0,1064982.6994132996,historical,DE,jvs_q_nace2
2017,1181383.0,1064982.6994132996,historical,DE,jvs_q_nace2
2018,1181126.0,1145215.2513313293,historical,DE,jvs_q_nace2
2018,1211237.0,1145215.2513313293,historical,DE,jvs_q_nace2
2018,1240795.0,1145215.2513313293,historical,DE,jvs_q_nace2
2018,1442440.0,1145215.2513313293,historical,DE,jvs_q_nace2
2019,1354779.0,1236418.6768379211,historical,DE,jvs_q_nace2
2019,1376355.0,1236418.6768379211,historical,DE,jvs_q_nace2
2019,1349375.0,1236418.6768379211,historical,DE,jvs_q_nace2
2019,1419112.0,1236418.6768379211,historical,DE,jvs_q_nace2
2020,1220601.0,1338592.975933075,historical,DE,jvs_q_nace2
2020,844240.0,1338592.975933075,historical,DE,jvs_q_nace2
2020,968747.0,1338592.975933075,historical,DE,jvs_q_nace2
2020,1178755.0,1338592.975933075,historical,DE,jvs_q_nace2
2021,1176119.0,1451738.1486320496,historical,DE,jvs_q_nace2
2021,1151882.0,1451738.1486320496,historical,DE,jvs_q_nace2
2021,1373944.0,1451738.1486320496,historical,DE,jvs_q_nace2
2021,1686344.0,1451738.1486320496,historical,DE,jvs_q_nace2
2022,1722740.0,1575854.1949119568,historical,DE,jvs_q_nace2
2022,1832768.0,1575854.1949119568,historical,DE,jvs_q_nace2
2022,1758516.0,1575854.1949119568,historical,DE,jvs_q_nace2
2022,1986684.0,1575854.1949119568,historical,DE,jvs_q_nace2
2023,1799710.0,1710941.1147880554,historical,DE,jvs_q_nace2
2023,1746225.0,1710941.1147880554,historical,DE,jvs_q_nace2
2023,1703742.0,1710941.1147880554,historical,DE,jvs_q_nace2
2023,1712972.0,1710941.1147880554,historical,DE,jvs_q_nace2
2024,1566973.0,1856998.9082603455,historical,DE,jvs_q_nace2
2024,1337170.0,1856998.9082603455,historical,DE,jvs_q_nace2
2024,1279127.0,1856998.9082603455,historical,DE,jvs_q_nace2
2024,1403199.0,1856998.9082603455,historical,DE,jvs_q_nace2
2025,1177049.0,2014027.5753211975,historical,DE,jvs_q_nace2
2025,1057735.0,2014027.5753211975,historical,DE,jvs_q_nace2
2025,1033010.0,2014027.5753211975,historical,DE,jvs_q_nace2
2025,1244089.0,2014027.5753211975,historical,DE,jvs_q_nace2
2026,,2182027.1159744263,forecast,DE,jvs_q_nace2
2027,,2360997.5302238464,forecast,DE,jvs_q_nace2
2028,,2550938.8180618286,forecast,DE,jvs_q_nace2
2029,,2751850.9794921875,forecast,DE,jvs_q_nace2
2030,,2963734.014514923,forecast,DE,jvs_q_nace2
2008,656.0,612.4989010980353,historical,EE,htec_emp_nat2
2009,593.9,611.2186813182198,historical,EE,htec_emp_nat2
2010,568.0,611.0110889105126,historical,EE,htec_emp_nat2
2011,603.2,611.8761238758452,historical,EE,htec_emp_nat2
2012,614.9,613.8137862132862,historical,EE,htec_emp_nat2
2013,621.3,616.8240759237669,historical,EE,htec_emp_nat2
2014,624.8,620.9069930068217,historical,EE,htec_emp_nat2
2015,632.8,626.0625374624506,historical,EE,htec_emp_nat2
2016,638.7,632.2907092906535,historical,EE,htec_emp_nat2
2017,650.3,639.5915084904991,historical,EE,htec_emp_nat2
2018,656.5,647.9649350643158,historical,EE,htec_emp_nat2
2019,662.2,657.4109890102409,historical,EE,htec_emp_nat2
2020,646.8,667.92967032874,historical,EE,htec_emp_nat2
2021,650.5,679.5209790202789,historical,EE,htec_emp_nat2
2022,677.3,692.1849150843918,historical,EE,htec_emp_nat2
2023,694.6,705.9214785210788,historical,EE,htec_emp_nat2
2024,698.6,720.7306693303399,historical,EE,htec_emp_nat2
2025,,736.612487512175,forecast,EE,htec_emp_nat2
2026,,753.5669330665842,forecast,EE,htec_emp_nat2
2027,,771.5940059935674,forecast,EE,htec_emp_nat2
2028,,790.6937062935904,forecast,EE,htec_emp_nat2
2029,,810.8660339652561,forecast,EE,htec_emp_nat2
2004,14.6,12.277696078410372,historical,EE,isoc_sks_itsps
2005,8.6,12.45985294127604,historical,EE,isoc_sks_itsps
2006,13.2,12.786827731179073,historical,EE,isoc_sks_itsps
2007,14.4,13.258620448235888,historical,EE,isoc_sks_itsps
2008,15.3,13.875231092504691,historical,EE,isoc_sks_itsps
2009,14.0,14.636659663869068,historical,EE,isoc_sks_itsps
2010,14.5,15.542906162445433,historical,EE,isoc_sks_itsps
2011,16.0,16.593970588350203,historical,EE,isoc_sks_itsps
2012,17.3,17.78985294123413,historical,EE,isoc_sks_itsps
2013,20.7,19.130553221330047,historical,EE,isoc_sks_itsps
2014,19.8,20.61607142863795,historical,EE,isoc_sks_itsps
2015,20.8,22.24640756304143,historical,EE,isoc_sks_itsps
2016,26.2,24.021561624656897,historical,EE,isoc_sks_itsps
2017,27.3,25.94153361354256,historical,EE,isoc_sks_itsps
2018,27.6,28.00632352946559,historical,EE,isoc_sks_itsps
2019,29.1,30.215931372600608,historical,EE,isoc_sks_itsps
2020,31.3,32.57035714288941,historical,EE,isoc_sks_itsps
2021,31.2,35.06960084033199,historical,EE,isoc_sks_itsps
2022,33.8,37.71366246510297,historical,EE,isoc_sks_itsps
2023,34.2,40.50254201691132,historical,EE,isoc_sks_itsps
2024,36.9,43.43623949587345,historical,EE,isoc_sks_itsps
2025,,46.51475490198936,forecast,EE,isoc_sks_itsps
2026,,49.738088235317264,forecast,EE,isoc_sks_itsps
2027,,53.106239495798945,forecast,EE,isoc_sks_itsps
2028,,56.61920868360903,forecast,EE,isoc_sks_itsps
2029,,60.276995798398275,forecast,EE,isoc_sks_itsps
2008,16948.0,9064.552631378174,historical,EE,jvs_q_nace2
2008,15644.0,9064.552631378174,historical,EE,jvs_q_nace2
2008,15983.0,9064.552631378174,historical,EE,jvs_q_nace2
2008,10211.0,9064.552631378174,historical,EE,jvs_q_nace2
2009,4048.0,8564.323152393103,historical,EE,jvs_q_nace2
2009,4858.0,8564.323152393103,historical,EE,jvs_q_nace2
2009,3712.0,8564.323152393103,historical,EE,jvs_q_nace2
2010,4712.0,8183.073039442301,historical,EE,jvs_q_nace2
2010,5244.0,8183.073039442301,historical,EE,jvs_q_nace2
2010,5851.0,8183.073039442301,historical,EE,jvs_q_nace2
2010,4815.0,8183.073039442301,historical,EE,jvs_q_nace2
2011,5880.0,7920.802292406559,historical,EE,jvs_q_nace2
2011,6325.0,7920.802292406559,historical,EE,jvs_q_nace2
2011,7834.0,7920.802292406559,historical,EE,jvs_q_nace2
2011,6319.0,7920.802292406559,historical,EE,jvs_q_nace2
2012,7040.0,7777.510911434889,historical,EE,jvs_q_nace2
2012,8162.0,7777.510911434889,historical,EE,jvs_q_nace2
2012,7628.0,7777.510911434889,historical,EE,jvs_q_nace2
2012,6590.0,7777.510911434889,historical,EE,jvs_q_nace2
2013,6967.0,7753.198896437883,historical,EE,jvs_q_nace2
2013,7600.0,7753.198896437883,historical,EE,jvs_q_nace2
2013,8568.0,7753.198896437883,historical,EE,jvs_q_nace2
2013,6361.0,7753.198896437883,historical,EE,jvs_q_nace2
2014,7178.0,7847.866247355938,historical,EE,jvs_q_nace2
2014,7630.0,7847.866247355938,historical,EE,jvs_q_nace2
2014,8593.0,7847.866247355938,historical,EE,jvs_q_nace2
2014,7226.0,7847.866247355938,historical,EE,jvs_q_nace2
2015,8471.0,8061.512964308262,historical,EE,jvs_q_nace2
2015,8875.0,8061.512964308262,historical,EE,jvs_q_nace2
2015,6615.0,8061.512964308262,historical,EE,jvs_q_nace2
2016,8286.0,8394.139047205448,historical,EE,jvs_q_nace2
2016,9534.0,8394.139047205448,historical,EE,jvs_q_nace2
2016,11062.0,8394.139047205448,historical,EE,jvs_q_nace2
2016,9064.0,8394.139047205448,historical,EE,jvs_q_nace2
2017,11205.0,8845.744496136904,historical,EE,jvs_q_nace2
2017,12027.0,8845.744496136904,historical,EE,jvs_q_nace2
2017,12725.0,8845.744496136904,historical,EE,jvs_q_nace2
2017,10587.0,8845.744496136904,historical,EE,jvs_q_nace2
2018,10575.0,9416.32931098342,historical,EE,jvs_q_nace2
2018,11428.0,9416.32931098342,historical,EE,jvs_q_nace2
2018,11444.0,9416.32931098342,historical,EE,jvs_q_nace2
2018,10503.0,9416.32931098342,historical,EE,jvs_q_nace2
2019,11456.0,10105.893491894007,historical,EE,jvs_q_nace2
2019,11180.0,10105.893491894007,historical,EE,jvs_q_nace2
2019,11892.0,10105.893491894007,historical,EE,jvs_q_nace2
2019,10376.0,10105.893491894007,historical,EE,jvs_q_nace2
2020,8613.0,10914.437038779259,historical,EE,jvs_q_nace2
2020,8088.0,10914.437038779259,historical,EE,jvs_q_nace2
2020,8689.0,10914.437038779259,historical,EE,jvs_q_nace2
2020,8707.0,10914.437038779259,historical,EE,jvs_q_nace2
2021,9443.0,11841.95995157957,historical,EE,jvs_q_nace2
2021,10542.0,11841.95995157957,historical,EE,jvs_q_nace2
2021,11518.0,11841.95995157957,historical,EE,jvs_q_nace2
2021,11103.0,11841.95995157957,historical,EE,jvs_q_nace2
2022,13093.0,12888.462230443954,historical,EE,jvs_q_nace2
2022,13353.0,12888.462230443954,historical,EE,jvs_q_nace2
2022,13210.0,12888.462230443954,historical,EE,jvs_q_nace2
2022,11310.0,12888.462230443954,historical,EE,jvs_q_nace2
2023,11461.0,14053.943875223398,historical,EE,jvs_q_nace2
2023,11079.0,14053.943875223398,historical,EE,jvs_q_nace2
2023,12040.0,14053.943875223398,historical,EE,jvs_q_nace2
2023,9199.0,14053.943875223398,historical,EE,jvs_q_nace2
2024,9598.0,15338.404886037111,historical,EE,jvs_q_nace2
2024,9908.0,15338.404886037111,historical,EE,jvs_q_nace2
2024,9905.0,15338.404886037111,historical,EE,jvs_q_nace2
2024,9071.0,15338.404886037111,historical,EE,jvs_q_nace2
2025,9130.0,16741.84526282549,historical,EE,jvs_q_nace2
2025,10344.0,16741.84526282549,historical,EE,jvs_q_nace2
2025,9375.0,16741.84526282549,historical,EE,jvs_q_nace2
2026,,18264.26500555873,forecast,EE,jvs_q_nace2
2027,,19905.66411432624,forecast,EE,jvs_q_nace2
2028,,21666.042589008808,forecast,EE,jvs_q_nace2
2029,,23545.40042975545,forecast,EE,jvs_q_nace2
2030,,25543.73763641715,forecast,EE,jvs_q_nace2
2008,192779.4,190513.9934066534,historical,EU27_2020,htec_emp_nat2
2009,189294.7,189013.04835164547,historical,EU27_2020,htec_emp_nat2
2010,186516.6,187941.17252743244,historical,EU27_2020,htec_emp_nat2
2011,186525.5,187298.36593413353,historical,EU27_2020,htec_emp_nat2
2012,185787.9,187084.6285713911,historical,EU27_2020,htec_emp_nat2
2013,185045.2,187299.9604395628,historical,EU27_2020,htec_emp_nat2
2014,187209.2,187944.3615384102,historical,EU27_2020,htec_emp_nat2
2015,189226.5,189017.8318681717,historical,EU27_2020,htec_emp_nat2
2016,192089.6,190520.3714286089,historical,EU27_2020,htec_emp_nat2
2017,195050.4,192451.9802197218,historical,EU27_2020,htec_emp_nat2
2018,197122.4,194812.6582417488,historical,EU27_2020,htec_emp_nat2
2019,199354.0,197602.40549445152,historical,EU27_2020,htec_emp_nat2
2020,196320.6,200821.22197794914,historical,EU27_2020,htec_emp_nat2
2021,197198.9,204469.10769224167,historical,EU27_2020,htec_emp_nat2
2022,201977.2,208546.0626373291,historical,EU27_2020,htec_emp_nat2
2023,204425.3,213052.08681309223,historical,EU27_2020,htec_emp_nat2
2024,206502.6,217987.18021976948,historical,EU27_2020,htec_emp_nat2
2025,,223351.34285712242,forecast,EU27_2020,htec_emp_nat2
2026,,229144.57472515106,forecast,EU27_2020,htec_emp_nat2
2027,,235366.87582433224,forecast,EU27_2020,htec_emp_nat2
2028,,242018.2461539507,forecast,EU27_2020,htec_emp_nat2
2029,,249098.68571448326,forecast,EU27_2020,htec_emp_nat2
2004,4365.1,4772.363602943718,historical,EU27_2020,isoc_sks_itsps
2005,4701.4,4772.698308821768,historical,EU27_2020,isoc_sks_itsps
2006,4932.0,4788.05286764726,historical,EU27_2020,isoc_sks_itsps
2007,5074.9,4818.427279412746,historical,EU27_2020,isoc_sks_itsps
2008,5203.6,4863.821544121951,historical,EU27_2020,isoc_sks_itsps
2009,5224.8,4924.235661763698,historical,EU27_2020,isoc_sks_itsps
2010,5267.7,4999.669632352889,historical,EU27_2020,isoc_sks_itsps
2011,4720.3,5090.123455885798,historical,EU27_2020,isoc_sks_itsps
2012,4937.8,5195.597132354975,historical,EU27_2020,isoc_sks_itsps
2013,5128.5,5316.090661764145,historical,EU27_2020,isoc_sks_itsps
2014,5311.7,5451.6040441170335,historical,EU27_2020,isoc_sks_itsps
2015,5481.6,5602.1372794136405,historical,EU27_2020,isoc_sks_itsps
2016,5745.8,5767.690367650241,historical,EU27_2020,isoc_sks_itsps
2017,5952.3,5948.263308823109,historical,EU27_2020,isoc_sks_itsps
2018,6274.5,6143.85610294342,historical,EU27_2020,isoc_sks_itsps
2019,6487.1,6354.468750003725,historical,EU27_2020,isoc_sks_itsps
2020,6892.2,6580.101249996573,historical,EU27_2020,isoc_sks_itsps
2021,7245.2,6820.753602940589,historical,EU27_2020,isoc_sks_itsps
2022,7628.9,7076.425808824599,historical,EU27_2020,isoc_sks_itsps
2023,7903.6,7347.1178676486015,historical,EU27_2020,isoc_sks_itsps
2024,8273.9,7632.829779408872,historical,EU27_2020,isoc_sks_itsps
2025,,7933.561544116586,forecast,EU27_2020,isoc_sks_itsps
2026,,8249.313161764294,forecast,EU27_2020,isoc_sks_itsps
2027,,8580.08463235572,forecast,EU27_2020,isoc_sks_itsps
2028,,8925.875955879688,forecast,EU27_2020,isoc_sks_itsps
2029,,9286.6871323511,forecast,EU27_2020,isoc_sks_itsps
2008,2191.1,2072.9098901078105,historical,IE,htec_emp_nat2
2009,2007.9,2020.1274725273252,historical,IE,htec_emp_nat2
2010,1917.9,1981.8191808201373,historical,IE,htec_emp_nat2
2011,1880.8,1957.9850149825215,historical,IE,htec_emp_nat2
2012,1873.1,1948.6249750256538,historical,IE,htec_emp_nat2
2013,1930.0,1953.7390609420836,historical,IE,htec_emp_nat2
2014,1980.1,1973.3272727243602,historical,IE,htec_emp_nat2
2015,2047.0,2007.389610387385,historical,IE,htec_emp_nat2
2016,2122.2,2055.9260739274323,historical,IE,htec_emp_nat2
2017,2184.1,2118.9366633333266,historical,IE,htec_emp_nat2
2018,2245.8,2196.421378619969,historical,IE,htec_emp_nat2
2019,2310.8,2288.380219783634,historical,IE,htec_emp_nat2
2020,2279.6,2394.8131868094206,historical,IE,htec_emp_nat2
2021,2413.0,2515.7202797196805,historical,IE,htec_emp_nat2
2022,2579.3,2651.101498503238,historical,IE,htec_emp_nat2
2023,2667.8,2800.9568431526423,historical,IE,htec_emp_nat2
2024,2737.2,2965.28631368652,historical,IE,htec_emp_nat2
2025,,3144.0899100899696,forecast,IE,htec_emp_nat2
2026,,3337.3676323629916,forecast,IE,htec_emp_nat2
2027,,3545.119480520487,forecast,IE,htec_emp_nat2
2028,,3767.3454545475543,forecast,IE,htec_emp_nat2
2029,,4004.0455544404685,forecast,IE,htec_emp_nat2
2004,44.3,41.6191176470893,historical,IE,isoc_sks_itsps
2005,44.9,44.46735294119571,historical,IE,isoc_sks_itsps
2006,45.2,47.38470588234486,historical,IE,isoc_sks_itsps
2007,52.4,50.37117647056584,historical,IE,isoc_sks_itsps
2008,52.4,53.42676470585866,historical,IE,isoc_sks_itsps
2009,51.6,56.551470588194206,historical,IE,isoc_sks_itsps
2010,53.4,59.745294117659796,historical,IE,isoc_sks_itsps
2011,67.7,63.00823529410991,historical,IE,isoc_sks_itsps
2012,69.4,66.34029411763186,historical,IE,isoc_sks_itsps
2013,70.4,69.74147058822564,historical,IE,isoc_sks_itsps
2014,74.7,73.21176470586215,historical,IE,isoc_sks_itsps
2015,76.1,76.7511764705414,historical,IE,isoc_sks_itsps
2016,82.1,80.35970588237979,historical,IE,isoc_sks_itsps
2017,85.7,84.0373529411736,historical,IE,isoc_sks_itsps
2018,87.2,87.78411764703924,historical,IE,isoc_sks_itsps
2019,88.9,91.59999999997672,historical,IE,isoc_sks_itsps
2020,102.8,95.48499999998603,historical,IE,isoc_sks_itsps
2021,122.2,99.43911764703807,historical,IE,isoc_sks_itsps
2022,126.6,103.46235294119106,historical,IE,isoc_sks_itsps
2023,126.3,107.55470588235767,historical,IE,isoc_sks_itsps
2024,131.2,111.71617647059611,historical,IE,isoc_sks_itsps
2025,,115.94676470587729,forecast,IE,isoc_sks_itsps
2026,,120.24647058820119,forecast,IE,isoc_sks_itsps
2027,,124.61529411762604,forecast,IE,isoc_sks_itsps
2028,,129.05323529412271,forecast,IE,isoc_sks_itsps
2029,,133.56029411766212,forecast,IE,isoc_sks_itsps
2008,8358.3,8406.903296716511,historical,NL,htec_emp_nat2
2009,8361.0,8330.605494521558,historical,NL,htec_emp_nat2
2010,8277.8,8277.745754256845,historical,NL,htec_emp_nat2
2011,8279.7,8248.324075937271,historical,NL,htec_emp_nat2
2012,8330.0,8242.340459540486,historical,NL,htec_emp_nat2
2013,8266.4,8259.794905096292,historical,NL,htec_emp_nat2
2014,8214.1,8300.687412589788,historical,NL,htec_emp_nat2
2015,8293.6,8365.017982020974,historical,NL,htec_emp_nat2
2016,8403.1,8452.78661338985,historical,NL,htec_emp_nat2
2017,8579.4,8563.993306696415,historical,NL,htec_emp_nat2
2018,8774.5,8698.63806194067,historical,NL,htec_emp_nat2
2019,8952.6,8856.720879122615,historical,NL,htec_emp_nat2
2020,8951.3,9038.2417582497,historical,NL,htec_emp_nat2
2021,9255.3,9243.200699307024,historical,NL,htec_emp_nat2
2022,9548.0,9471.597702302039,historical,NL,htec_emp_nat2
2023,9737.0,9723.432767242193,historical,NL,htec_emp_nat2
2024,9797.6,9998.705894112587,historical,NL,htec_emp_nat2
2025,,10297.417082928121,forecast,NL,htec_emp_nat2
2026,,10619.566333673894,forecast,NL,htec_emp_nat2
2027,,10965.153646364808,forecast,NL,htec_emp_nat2
2028,,11334.179020985961,forecast,NL,htec_emp_nat2
2029,,11726.642457552254,forecast,NL,htec_emp_nat2
2004,283.2,261.56029411777854,historical,NL,isoc_sks_itsps
2005,268.6,263.9026470584795,historical,NL,isoc_sks_itsps
2006,255.5,267.37777310982347,historical,NL,isoc_sks_itsps
2007,254.7,271.9856722690165,historical,NL,isoc_sks_itsps
2008,265.1,277.72634453792125,historical,NL,isoc_sks_itsps
2009,267.8,284.5997899156064,historical,NL,isoc_sks_itsps
2010,278.5,292.6060084030032,historical,NL,isoc_sks_itsps
2011,328.8,301.74500000011176,historical,NL,isoc_sks_itsps
2012,328.9,312.0167647060007,historical,NL,isoc_sks_itsps
2013,331.9,323.42130252067,historical,NL,isoc_sks_itsps
2014,342.4,335.95861344598234,historical,NL,isoc_sks_itsps
2015,356.9,349.62869747914374,historical,NL,isoc_sks_itsps
2016,363.0,364.43155462201685,historical,NL,isoc_sks_itsps
2017,363.3,380.36718487367034,historical,NL,isoc_sks_itsps
2018,394.4,397.43558823503554,historical,NL,isoc_sks_itsps
2019,417.4,415.63676470611244,historical,NL,isoc_sks_itsps
2020,434.2,434.9707142855041,historical,NL,isoc_sks_itsps
2021,511.8,455.4374369746074,historical,NL,isoc_sks_itsps
2022,552.1,477.03693277342245,historical,NL,isoc_sks_itsps
2023,546.5,499.7692016810179,historical,NL,isoc_sks_itsps
2024,556.1,523.6342436973937,historical,NL,isoc_sks_itsps
2025,,548.6320588234812,forecast,NL,isoc_sks_itsps
2026,,574.7626470583491,forecast,NL,isoc_sks_itsps
2027,,602.0260084033944,forecast,NL,isoc_sks_itsps
2028,,630.42214285722,forecast,NL,isoc_sks_itsps
2029,,659.9510504198261,forecast,NL,isoc_sks_itsps
2001,216800.0,186403.8092598915,historical,NL,jvs_q_nace2
2001,219400.0,186403.8092598915,historical,NL,jvs_q_nace2
2001,172100.0,186403.8092598915,historical,NL,jvs_q_nace2
2001,165300.0,186403.8092598915,historical,NL,jvs_q_nace2
2002,178900.0,175054.1665482521,historical,NL,jvs_q_nace2
2002,163000.0,175054.1665482521,historical,NL,jvs_q_nace2
2002,116200.0,175054.1665482521,historical,NL,jvs_q_nace2
2002,121800.0,175054.1665482521,historical,NL,jvs_q_nace2
2003,124100.0,165283.35029268265,historical,NL,jvs_q_nace2
2003,125700.0,165283.35029268265,historical,NL,jvs_q_nace2
2003,81800.0,165283.35029268265,historical,NL,jvs_q_nace2
2003,94800.0,165283.35029268265,historical,NL,jvs_q_nace2
2004,121500.0,157091.3604941368,historical,NL,jvs_q_nace2
2004,136300.0,157091.3604941368,historical,NL,jvs_q_nace2
2004,109600.0,157091.3604941368,historical,NL,jvs_q_nace2
2004,120700.0,157091.3604941368,historical,NL,jvs_q_nace2
2005,154100.0,150478.19715166092,historical,NL,jvs_q_nace2
2005,154400.0,150478.19715166092,historical,NL,jvs_q_nace2
2005,153300.0,150478.19715166092,historical,NL,jvs_q_nace2
2005,157300.0,150478.19715166092,historical,NL,jvs_q_nace2
2006,192100.0,145443.86026620865,historical,NL,jvs_q_nace2
2006,223000.0,145443.86026620865,historical,NL,jvs_q_nace2
2006,220600.0,145443.86026620865,historical,NL,jvs_q_nace2
2006,221700.0,145443.86026620865,historical,NL,jvs_q_nace2
2007,239200.0,141988.34983730316,historical,NL,jvs_q_nace2
2007,251200.0,141988.34983730316,historical,NL,jvs_q_nace2
2007,238300.0,141988.34983730316,historical,NL,jvs_q_nace2
2007,240600.0,141988.34983730316,historical,NL,jvs_q_nace2
2008,250300.0,140111.66586589813,historical,NL,jvs_q_nace2
2008,256700.0,140111.66586589813,historical,NL,jvs_q_nace2
2008,239200.0,140111.66586589813,historical,NL,jvs_q_nace2
2008,189900.0,140111.66586589813,historical,NL,jvs_q_nace2
2009,155900.0,139813.8083500862,historical,NL,jvs_q_nace2
2009,138400.0,139813.8083500862,historical,NL,jvs_q_nace2
2009,124700.0,139813.8083500862,historical,NL,jvs_q_nace2
2009,119400.0,139813.8083500862,historical,NL,jvs_q_nace2
2010,116000.0,141094.77729082108,historical,NL,jvs_q_nace2
2010,124900.0,141094.77729082108,historical,NL,jvs_q_nace2
2010,123400.0,141094.77729082108,historical,NL,jvs_q_nace2
2010,124400.0,141094.77729082108,historical,NL,jvs_q_nace2
2011,135500.0,143954.57268810272,historical,NL,jvs_q_nace2
2011,143600.0,143954.57268810272,historical,NL,jvs_q_nace2
2011,130600.0,143954.57268810272,historical,NL,jvs_q_nace2
2011,116600.0,143954.57268810272,historical,NL,jvs_q_nace2
2012,118200.0,148393.19454193115,historical,NL,jvs_q_nace2
2012,116100.0,148393.19454193115,historical,NL,jvs_q_nace2
2012,106000.0,148393.19454193115,historical,NL,jvs_q_nace2
2012,94900.0,148393.19454193115,historical,NL,jvs_q_nace2
2013,97100.0,154410.64285230637,historical,NL,jvs_q_nace2
2013,96800.0,154410.64285230637,historical,NL,jvs_q_nace2
2013,93700.0,154410.64285230637,historical,NL,jvs_q_nace2
2013,91000.0,154410.64285230637,historical,NL,jvs_q_nace2
2014,105500.0,162006.91762018204,historical,NL,jvs_q_nace2
2014,112900.0,162006.91762018204,historical,NL,jvs_q_nace2
2014,112084.0,162006.91762018204,historical,NL,jvs_q_nace2
2014,112867.0,162006.91762018204,historical,NL,jvs_q_nace2
2015,126987.0,171182.01884365082,historical,NL,jvs_q_nace2
2015,136497.0,171182.01884365082,historical,NL,jvs_q_nace2
2015,130868.0,171182.01884365082,historical,NL,jvs_q_nace2
2015,136279.0,171182.01884365082,historical,NL,jvs_q_nace2
2016,152951.0,181935.94652414322,historical,NL,jvs_q_nace2
2016,161831.0,181935.94652414322,historical,NL,jvs_q_nace2
2016,159145.0,181935.94652414322,historical,NL,jvs_q_nace2
2016,163355.0,181935.94652414322,historical,NL,jvs_q_nace2
2017,188516.0,194268.70066070557,historical,NL,jvs_q_nace2
2017,212817.0,194268.70066070557,historical,NL,jvs_q_nace2
2017,210051.0,194268.70066070557,historical,NL,jvs_q_nace2
2017,218574.0,194268.70066070557,historical,NL,jvs_q_nace2
2018,237755.0,208180.28125429153,historical,NL,jvs_q_nace2
2018,260600.0,208180.28125429153,historical,NL,jvs_q_nace2
2018,258300.0,208180.28125429153,historical,NL,jvs_q_nace2
2018,254900.0,208180.28125429153,historical,NL,jvs_q_nace2
2019,278908.0,223670.68830394745,historical,NL,jvs_q_nace2
2019,293800.0,223670.68830394745,historical,NL,jvs_q_nace2
2019,283800.0,223670.68830394745,historical,NL,jvs_q_nace2
2019,281200.0,223670.68830394745,historical,NL,jvs_q_nace2
2020,221700.0,240739.92181158066,historical,NL,jvs_q_nace2
2020,200400.0,240739.92181158066,historical,NL,jvs_q_nace2
2020,215600.0,240739.92181158066,historical,NL,jvs_q_nace2
2020,213700.0,240739.92181158066,historical,NL,jvs_q_nace2
2021,248500.0,259387.98177433014,historical,NL,jvs_q_nace2
2021,333600.0,259387.98177433014,historical,NL,jvs_q_nace2
2021,376300.0,259387.98177433014,historical,NL,jvs_q_nace2
2021,376400.0,259387.98177433014,historical,NL,jvs_q_nace2
2022,448200.0,279614.86819410324,historical,NL,jvs_q_nace2
2022,479800.0,279614.86819410324,historical,NL,jvs_q_nace2
2022,451900.0,279614.86819410324,historical,NL,jvs_q_nace2
2022,418900.0,279614.86819410324,historical,NL,jvs_q_nace2
2023,432900.0,301420.5810699463,historical,NL,jvs_q_nace2
2023,441200.0,301420.5810699463,historical,NL,jvs_q_nace2
2023,416800.0,301420.5810699463,historical,NL,jvs_q_nace2
2023,389200.0,301420.5810699463,historical,NL,jvs_q_nace2
2024,413000.0,324805.12040281296,historical,NL,jvs_q_nace2
2024,418900.0,324805.12040281296,historical,NL,jvs_q_nace2
2024,396400.0,324805.12040281296,historical,NL,jvs_q_nace2
2024,383800.0,324805.12040281296,historical,NL,jvs_q_nace2
2025,396700.0,349768.4861922264,historical,NL,jvs_q_nace2
2025,402700.0,349768.4861922264,historical,NL,jvs_q_nace2
2025,384300.0,349768.4861922264,historical,NL,jvs_q_nace2
2026,,376310.67843818665,forecast,NL,jvs_q_nace2
2027,,404431.69714164734,forecast,NL,jvs_q_nace2
2028,,434131.54230070114,forecast,NL,jvs_q_nace2
2029,,465410.2139163017,forecast,NL,jvs_q_nace2
2030,,498267.7119884491,forecast,NL,jvs_q_nace2
2008,2513.7,2487.8120879121125,historical,NO,htec_emp_nat2
2009,2499.5,2509.765934065683,historical,NO,htec_emp_nat2
2010,2500.8,2531.1447552447207,historical,NO,htec_emp_nat2
2011,2535.5,2551.9485514485277,historical,NO,htec_emp_nat2
2012,2585.4,2572.1773226773366,historical,NO,htec_emp_nat2
2013,2601.6,2591.8310689309146,historical,NO,htec_emp_nat2
2014,2626.6,2610.9097902097274,historical,NO,htec_emp_nat2
2015,2641.0,2629.413486513542,historical,NO,htec_emp_nat2
2016,2638.2,2647.342157841893,historical,NO,htec_emp_nat2
2017,2643.9,2664.6958041957114,historical,NO,htec_emp_nat2
2018,2685.8,2681.474425574299,historical,NO,htec_emp_nat2
2019,2715.5,2697.6780219781213,historical,NO,htec_emp_nat2
2020,2702.0,2713.306593406247,historical,NO,htec_emp_nat2
2021,2772.2,2728.3601398598403,historical,NO,htec_emp_nat2
2022,2846.2,2742.8386613386683,historical,NO,htec_emp_nat2
2023,2876.1,2756.7421578422654,historical,NO,htec_emp_nat2
2024,2888.7,2770.070629370399,historical,NO,htec_emp_nat2
2025,,2782.8240759239998,forecast,NO,htec_emp_nat2
2026,,2795.00249750237,forecast,NO,htec_emp_nat2
2027,,2806.6058941059746,forecast,NO,htec_emp_nat2
2028,,2817.634265733883,forecast,NO,htec_emp_nat2
2029,,2828.0876123874914,forecast,NO,htec_emp_nat2
2011,92.0,97.39230769197457,historical,NO,isoc_sks_itsps
2012,95.4,95.30601398600265,historical,NO,isoc_sks_itsps
2013,99.1,94.09081585053355,historical,NO,isoc_sks_itsps
2014,99.3,93.74671328673139,historical,NO,isoc_sks_itsps
2015,96.0,94.27370629343204,historical,NO,isoc_sks_itsps
2016,92.7,95.67179487179965,historical,NO,isoc_sks_itsps
2017,99.3,97.94097902090289,historical,NO,isoc_sks_itsps
2018,95.4,101.08125874097459,historical,NO,isoc_sks_itsps
2019,100.2,105.09263403248042,historical,NO,isoc_sks_itsps
2020,110.0,109.97510489495471,historical,NO,isoc_sks_itsps
2021,120.9,115.7286713286303,historical,NO,isoc_sks_itsps
2022,118.0,122.35333333327435,historical,NO,isoc_sks_itsps
2023,120.7,129.84909090865403,historical,NO,isoc_sks_itsps
2024,125.7,138.2159440559335,historical,NO,isoc_sks_itsps
2025,,147.45389277371578,forecast,NO,isoc_sks_itsps
2026,,157.56293706293218,forecast,NO,isoc_sks_itsps
2027,,168.5430769228842,forecast,NO,isoc_sks_itsps
2028,,180.3943123545032,forecast,NO,isoc_sks_itsps
2029,,193.116643356625,forecast,NO,isoc_sks_itsps
2010,60520.0,71106.70014238358,historical,NO,jvs_q_nace2
2010,67931.0,71106.70014238358,historical,NO,jvs_q_nace2
2010,63945.0,71106.70014238358,historical,NO,jvs_q_nace2
2010,55808.0,71106.70014238358,historical,NO,jvs_q_nace2
2011,68860.0,65131.74189758301,historical,NO,jvs_q_nace2
2011,78473.0,65131.74189758301,historical,NO,jvs_q_nace2
2011,68039.0,65131.74189758301,historical,NO,jvs_q_nace2
2011,62203.0,65131.74189758301,historical,NO,jvs_q_nace2
2012,69198.0,60634.57378768921,historical,NO,jvs_q_nace2
2012,71966.0,60634.57378768921,historical,NO,jvs_q_nace2
2012,60897.0,60634.57378768921,historical,NO,jvs_q_nace2
2012,57815.0,60634.57378768921,historical,NO,jvs_q_nace2
2013,67568.0,57615.19581365585,historical,NO,jvs_q_nace2
2013,74317.0,57615.19581365585,historical,NO,jvs_q_nace2
2013,59092.0,57615.19581365585,historical,NO,jvs_q_nace2
2013,50868.0,57615.19581365585,historical,NO,jvs_q_nace2
2014,61774.0,56073.607976436615,historical,NO,jvs_q_nace2
2014,64831.0,56073.607976436615,historical,NO,jvs_q_nace2
2014,54097.0,56073.607976436615,historical,NO,jvs_q_nace2
2014,53706.0,56073.607976436615,historical,NO,jvs_q_nace2
2015,60422.0,56009.81027364731,historical,NO,jvs_q_nace2
2015,62794.0,56009.81027364731,historical,NO,jvs_q_nace2
2015,49457.0,56009.81027364731,historical,NO,jvs_q_nace2
2015,44982.0,56009.81027364731,historical,NO,jvs_q_nace2
2016,55291.0,57423.80270719528,historical,NO,jvs_q_nace2
2016,56198.0,57423.80270719528,historical,NO,jvs_q_nace2
2016,52333.0,57423.80270719528,historical,NO,jvs_q_nace2
2016,48720.0,57423.80270719528,historical,NO,jvs_q_nace2
2017,58264.0,60315.5852766037,historical,NO,jvs_q_nace2
2017,65357.0,60315.5852766037,historical,NO,jvs_q_nace2
2017,56699.0,60315.5852766037,historical,NO,jvs_q_nace2
2017,57983.0,60315.5852766037,historical,NO,jvs_q_nace2
2018,68436.0,64685.15798139572,historical,NO,jvs_q_nace2
2018,75200.0,64685.15798139572,historical,NO,jvs_q_nace2
2018,68385.0,64685.15798139572,historical,NO,jvs_q_nace2
2018,59704.0,64685.15798139572,historical,NO,jvs_q_nace2
2019,75713.0,70532.52082157135,historical,NO,jvs_q_nace2
2019,84533.0,70532.52082157135,historical,NO,jvs_q_nace2
2019,65844.0,70532.52082157135,historical,NO,jvs_q_nace2
2019,63861.0,70532.52082157135,historical,NO,jvs_q_nace2
2020,71583.0,77857.67379760742,historical,NO,jvs_q_nace2
2020,59872.0,77857.67379760742,historical,NO,jvs_q_nace2
2020,59397.0,77857.67379760742,historical,NO,jvs_q_nace2
2020,60025.0,77857.67379760742,historical,NO,jvs_q_nace2
2021,74570.0,86660.61691045761,historical,NO,jvs_q_nace2
2021,101876.0,86660.61691045761,historical,NO,jvs_q_nace2
2021,92380.0,86660.61691045761,historical,NO,jvs_q_nace2
2021,86331.0,86660.61691045761,historical,NO,jvs_q_nace2
2022,104948.0,96941.35015821457,historical,NO,jvs_q_nace2
2022,117967.0,96941.35015821457,historical,NO,jvs_q_nace2
2022,95979.0,96941.35015821457,historical,NO,jvs_q_nace2
2022,108473.0,96941.35015821457,historical,NO,jvs_q_nace2
2023,136166.0,108699.87354135513,historical,NO,jvs_q_nace2
2023,128069.0,108699.87354135513,historical,NO,jvs_q_nace2
2023,110318.0,108699.87354135513,historical,NO,jvs_q_nace2
2023,97976.0,108699.87354135513,historical,NO,jvs_q_nace2
2024,123220.0,121936.18706130981,historical,NO,jvs_q_nace2
2024,107592.0,121936.18706130981,historical,NO,jvs_q_nace2
2024,94397.0,121936.18706130981,historical,NO,jvs_q_nace2
2024,80165.0,121936.18706130981,historical,NO,jvs_q_nace2
2025,107350.0,136650.29071617126,historical,NO,jvs_q_nace2
2025,94650.0,136650.29071617126,historical,NO,jvs_q_nace2
2025,82597.0,136650.29071617126,historical,NO,jvs_q_nace2
2025,74036.0,136650.29071617126,historical,NO,jvs_q_nace2
2026,,152842.18450641632,forecast,NO,jvs_q_nace2
2027,,170511.8684334755,forecast,NO,jvs_q_nace2
2028,,189659.34249544144,forecast,NO,jvs_q_nace2
2029,,210284.60669326782,forecast,NO,jvs_q_nace2
2030,,232387.6610274315,forecast,NO,jvs_q_nace2
2008,15757.6,15710.44175824523,historical,PL,htec_emp_nat2
2009,15824.4,15639.030769243836,historical,PL,htec_emp_nat2
2010,15432.4,15601.371928066015,historical,PL,htec_emp_nat2
2011,15518.8,15597.46523475647,historical,PL,htec_emp_nat2
2012,15549.8,15627.3106893152,historical,PL,htec_emp_nat2
2013,15531.8,15690.908291727304,historical,PL,htec_emp_nat2
2014,15826.1,15788.25804194808,historical,PL,htec_emp_nat2
2015,16052.6,15919.359940052032,historical,PL,htec_emp_nat2
2016,16163.3,16084.21398602426,historical,PL,htec_emp_nat2
2017,16390.7,16282.820179834962,historical,PL,htec_emp_nat2
2018,16456.5,16515.178521469235,historical,PL,htec_emp_nat2
2019,16892.0,16781.289010986686,historical,PL,htec_emp_nat2
2020,16922.8,17081.15164835751,historical,PL,htec_emp_nat2
2021,17129.8,17414.766433551908,historical,PL,htec_emp_nat2
2022,17219.3,17782.13336662948,historical,PL,htec_emp_nat2
2023,17268.5,18183.25244756043,historical,PL,htec_emp_nat2
2024,17190.5,18618.123676344752,historical,PL,htec_emp_nat2
2025,,19086.747052937746,forecast,PL,htec_emp_nat2
2026,,19589.122577428818,forecast,PL,htec_emp_nat2
2027,,20125.250249758363,forecast,PL,htec_emp_nat2
2028,,20695.13006991148,forecast,PL,htec_emp_nat2
2029,,21298.762037962675,forecast,PL,htec_emp_nat2
2004,234.2,262.510294117732,historical,PL,isoc_sks_itsps
2005,256.1,271.19088235287927,historical,PL,isoc_sks_itsps
2006,282.0,280.23176470573526,historical,PL,isoc_sks_itsps
2007,313.2,289.63294117653277,historical,PL,isoc_sks_itsps
2008,332.0,299.3944117645733,historical,PL,isoc_sks_itsps
2009,349.5,309.5161764706718,historical,PL,isoc_sks_itsps
2010,331.0,319.9982352941297,historical,PL,isoc_sks_itsps
2011,304.7,330.8405882351799,historical,PL,isoc_sks_itsps
2012,330.3,342.0432352940552,historical,PL,isoc_sks_itsps
2013,346.0,353.60617647052277,historical,PL,isoc_sks_itsps
2014,355.9,365.52941176469903,historical,PL,isoc_sks_itsps
2015,366.8,377.81294117635116,historical,PL,isoc_sks_itsps
2016,369.6,390.4567647059448,historical,PL,isoc_sks_itsps
2017,384.9,403.4608823528979,historical,PL,isoc_sks_itsps
2018,418.3,416.8252941175597,historical,PL,isoc_sks_itsps
2019,469.1,430.55000000004657,historical,PL,isoc_sks_itsps
2020,504.8,444.6349999998929,historical,PL,isoc_sks_itsps
2021,529.2,459.08029411768075,historical,PL,isoc_sks_itsps
2022,536.7,473.88588235282805,historical,PL,isoc_sks_itsps
2023,602.8,489.05176470568404,historical,PL,isoc_sks_itsps
2024,636.6,504.57794117648154,historical,PL,isoc_sks_itsps
2025,,520.4644117645221,forecast,PL,isoc_sks_itsps
2026,,536.7111764706206,forecast,PL,isoc_sks_itsps
2027,,553.3182352939621,forecast,PL,isoc_sks_itsps
2028,,570.2855882353615,forecast,PL,isoc_sks_itsps
2029,,587.613235294004,forecast,PL,isoc_sks_itsps
2010,79582.0,47690.26162004471,historical,PL,jvs_q_nace2
2010,69684.0,47690.26162004471,historical,PL,jvs_q_nace2
2010,67778.0,47690.26162004471,historical,PL,jvs_q_nace2
2010,58906.0,47690.26162004471,historical,PL,jvs_q_nace2
2011,74112.0,53652.673748612404,historical,PL,jvs_q_nace2
2011,61043.0,53652.673748612404,historical,PL,jvs_q_nace2
2011,57769.0,53652.673748612404,historical,PL,jvs_q_nace2
2011,45461.0,53652.673748612404,historical,PL,jvs_q_nace2
2012,52708.0,60105.27780008316,historical,PL,jvs_q_nace2
2012,51771.0,60105.27780008316,historical,PL,jvs_q_nace2
2012,43547.0,60105.27780008316,historical,PL,jvs_q_nace2
2012,35489.0,60105.27780008316,historical,PL,jvs_q_nace2
2013,44326.0,67048.07377445698,historical,PL,jvs_q_nace2
2013,44367.0,67048.07377445698,historical,PL,jvs_q_nace2
2013,45627.0,67048.07377445698,historical,PL,jvs_q_nace2
2013,39208.0,67048.07377445698,historical,PL,jvs_q_nace2
2014,54233.0,74481.06167173386,historical,PL,jvs_q_nace2
2014,56531.0,74481.06167173386,historical,PL,jvs_q_nace2
2014,60126.0,74481.06167173386,historical,PL,jvs_q_nace2
2014,54396.0,74481.06167173386,historical,PL,jvs_q_nace2
2015,74638.0,82404.2414919138,historical,PL,jvs_q_nace2
2015,74847.0,82404.2414919138,historical,PL,jvs_q_nace2
2015,73154.0,82404.2414919138,historical,PL,jvs_q_nace2
2015,63939.0,82404.2414919138,historical,PL,jvs_q_nace2
2016,89593.0,90817.6132349968,historical,PL,jvs_q_nace2
2016,94304.0,90817.6132349968,historical,PL,jvs_q_nace2
2016,95479.0,90817.6132349968,historical,PL,jvs_q_nace2
2016,77975.0,90817.6132349968,historical,PL,jvs_q_nace2
2017,118824.0,99721.17690086365,historical,PL,jvs_q_nace2
2017,122033.0,99721.17690086365,historical,PL,jvs_q_nace2
2017,131186.0,99721.17690086365,historical,PL,jvs_q_nace2
2017,117816.0,99721.17690086365,historical,PL,jvs_q_nace2
2018,152414.0,109114.93248975277,historical,PL,jvs_q_nace2
2018,164745.0,109114.93248975277,historical,PL,jvs_q_nace2
2018,157155.0,109114.93248975277,historical,PL,jvs_q_nace2
2018,139193.0,109114.93248975277,historical,PL,jvs_q_nace2
2019,142458.0,118998.88000166416,historical,PL,jvs_q_nace2
2019,151828.0,118998.88000166416,historical,PL,jvs_q_nace2
2019,148644.0,118998.88000166416,historical,PL,jvs_q_nace2
2019,125442.0,118998.88000166416,historical,PL,jvs_q_nace2
2020,76512.0,129373.0194363594,historical,PL,jvs_q_nace2
2020,81421.0,129373.0194363594,historical,PL,jvs_q_nace2
2020,91123.0,129373.0194363594,historical,PL,jvs_q_nace2
2020,84393.0,129373.0194363594,historical,PL,jvs_q_nace2
2021,110201.0,140237.3507938385,historical,PL,jvs_q_nace2
2021,142840.0,140237.3507938385,historical,PL,jvs_q_nace2
2021,153525.0,140237.3507938385,historical,PL,jvs_q_nace2
2021,137430.0,140237.3507938385,historical,PL,jvs_q_nace2
2022,158666.0,151591.87407422066,historical,PL,jvs_q_nace2
2022,149320.0,151591.87407422066,historical,PL,jvs_q_nace2
2022,135511.0,151591.87407422066,historical,PL,jvs_q_nace2
2022,115698.0,151591.87407422066,historical,PL,jvs_q_nace2
2023,114896.0,163436.58927750587,historical,PL,jvs_q_nace2
2023,113199.0,163436.58927750587,historical,PL,jvs_q_nace2
2023,111195.0,163436.58927750587,historical,PL,jvs_q_nace2
2023,97134.0,163436.58927750587,historical,PL,jvs_q_nace2
2024,111982.0,175771.49640369415,historical,PL,jvs_q_nace2
2024,110816.0,175771.49640369415,historical,PL,jvs_q_nace2
2024,114264.0,175771.49640369415,historical,PL,jvs_q_nace2
2024,91014.0,175771.49640369415,historical,PL,jvs_q_nace2
2025,101026.0,188596.5954527855,historical,PL,jvs_q_nace2
2025,95734.0,188596.5954527855,historical,PL,jvs_q_nace2
2025,94738.0,188596.5954527855,historical,PL,jvs_q_nace2
2026,,201911.88642466068,forecast,PL,jvs_q_nace2
2027,,215717.36931955814,forecast,PL,jvs_q_nace2
2028,,230013.04413735867,forecast,PL,jvs_q_nace2
2029,,244798.91087794304,forecast,PL,jvs_q_nace2
2030,,260074.96954143047,forecast,PL,jvs_q_nace2
2008,5017.5,5010.927472516894,historical,PT,htec_emp_nat2
2009,4874.0,4852.594505481422,historical,PT,htec_emp_nat2
2010,4798.1,4722.06543456018,historical,PT,htec_emp_nat2
2011,4644.7,4619.340259730816,historical,PT,htec_emp_nat2
2012,4451.0,4544.418981015682,historical,PT,htec_emp_nat2
2013,4341.6,4497.301598399878,historical,PT,htec_emp_nat2
2014,4427.9,4477.988111883402,historical,PT,htec_emp_nat2
2015,4487.0,4486.478521466255,historical,PT,htec_emp_nat2
2016,4554.1,4522.772827155888,historical,PT,htec_emp_nat2
2017,4706.8,4586.871028959751,historical,PT,htec_emp_nat2
2018,4817.0,4678.773126862943,historical,PT,htec_emp_nat2
2019,4869.2,4798.479120872915,historical,PT,htec_emp_nat2
2020,4755.1,4945.989010982215,historical,PT,htec_emp_nat2
2021,4757.1,5121.302797198296,historical,PT,htec_emp_nat2
2022,4908.8,5324.420479513705,historical,PT,htec_emp_nat2
2023,5016.7,5555.3420579358935,historical,PT,htec_emp_nat2
2024,5083.4,5814.067532464862,historical,PT,htec_emp_nat2
2025,,6100.596903085709,forecast,PT,htec_emp_nat2
2026,,6414.9301698207855,forecast,PT,htec_emp_nat2
2027,,6757.067332655191,forecast,PT,htec_emp_nat2
2028,,7127.008391596377,forecast,PT,htec_emp_nat2
2029,,7524.753346644342,forecast,PT,htec_emp_nat2
2004,82.1,98.40049019572325,historical,PT,isoc_sks_itsps
2005,92.7,95.8126470586285,historical,PT,isoc_sks_itsps
2006,102.1,93.92718487372622,historical,PT,isoc_sks_itsps
2007,105.1,92.74410364124924,historical,PT,isoc_sks_itsps
2008,103.9,92.26340336119756,historical,PT,isoc_sks_itsps
2009,104.5,92.48508403333835,historical,PT,isoc_sks_itsps
2010,101.5,93.40914565813728,historical,PT,isoc_sks_itsps
2011,74.5,95.03558823512867,historical,PT,isoc_sks_itsps
2012,81.4,97.3644117640797,historical,PT,isoc_sks_itsps
2013,90.6,100.3956162459217,historical,PT,isoc_sks_itsps
2014,117.8,104.129201680189,historical,PT,isoc_sks_itsps
2015,108.5,108.56516806664877,historical,PT,isoc_sks_itsps
2016,113.6,113.70351540576667,historical,PT,isoc_sks_itsps
2017,110.6,119.54424369707704,historical,PT,isoc_sks_itsps
2018,123.6,126.0873529408127,historical,PT,isoc_sks_itsps
2019,144.7,133.33284313674085,historical,PT,isoc_sks_itsps
2020,150.0,141.28071428532712,historical,PT,isoc_sks_itsps
2021,171.6,149.93096638610587,historical,PT,isoc_sks_itsps
2022,175.2,159.2835994393099,historical,PT,isoc_sks_itsps
2023,183.3,169.33861344493926,historical,PT,isoc_sks_itsps
2024,202.5,180.0960084029939,historical,PT,isoc_sks_itsps
2025,,191.55578431347385,forecast,PT,isoc_sks_itsps
2026,,203.71794117614627,forecast,PT,isoc_sks_itsps
2027,,216.582478991244,forecast,PT,isoc_sks_itsps
2028,,230.149397758767,forecast,PT,isoc_sks_itsps
2029,,244.41869747871533,forecast,PT,isoc_sks_itsps
2010,11977.0,11377.59279614687,historical,PT,jvs_q_nace2
2010,14032.0,11377.59279614687,historical,PT,jvs_q_nace2
2010,12857.0,11377.59279614687,historical,PT,jvs_q_nace2
2010,12678.0,11377.59279614687,historical,PT,jvs_q_nace2
2011,11126.0,12441.727106273174,historical,PT,jvs_q_nace2
2011,11800.0,12441.727106273174,historical,PT,jvs_q_nace2
2011,12524.0,12441.727106273174,historical,PT,jvs_q_nace2
2011,13432.0,12441.727106273174,historical,PT,jvs_q_nace2
2012,13105.0,13764.228688001633,historical,PT,jvs_q_nace2
2012,12254.0,13764.228688001633,historical,PT,jvs_q_nace2
2012,12533.0,13764.228688001633,historical,PT,jvs_q_nace2
2012,10210.0,13764.228688001633,historical,PT,jvs_q_nace2
2013,11349.0,15345.097541332245,historical,PT,jvs_q_nace2
2013,12984.0,15345.097541332245,historical,PT,jvs_q_nace2
2013,12019.0,15345.097541332245,historical,PT,jvs_q_nace2
2013,11856.0,15345.097541332245,historical,PT,jvs_q_nace2
2014,16759.0,17184.333666324615,historical,PT,jvs_q_nace2
2014,19758.0,17184.333666324615,historical,PT,jvs_q_nace2
2014,21809.0,17184.333666324615,historical,PT,jvs_q_nace2
2014,18349.0,17184.333666324615,historical,PT,jvs_q_nace2
2015,18768.0,19281.93706291914,historical,PT,jvs_q_nace2
2015,21637.0,19281.93706291914,historical,PT,jvs_q_nace2
2015,18932.0,19281.93706291914,historical,PT,jvs_q_nace2
2015,19506.0,19281.93706291914,historical,PT,jvs_q_nace2
2016,21299.0,21637.907731115818,historical,PT,jvs_q_nace2
2016,21318.0,21637.907731115818,historical,PT,jvs_q_nace2
2016,23100.0,21637.907731115818,historical,PT,jvs_q_nace2
2016,22414.0,21637.907731115818,historical,PT,jvs_q_nace2
2017,27664.0,24252.245671093464,historical,PT,jvs_q_nace2
2017,28755.0,24252.245671093464,historical,PT,jvs_q_nace2
2017,27576.0,24252.245671093464,historical,PT,jvs_q_nace2
2017,24592.0,24252.245671093464,historical,PT,jvs_q_nace2
2018,27400.0,27124.95088249445,historical,PT,jvs_q_nace2
2018,27698.0,27124.95088249445,historical,PT,jvs_q_nace2
2018,30031.0,27124.95088249445,historical,PT,jvs_q_nace2
2018,27639.0,27124.95088249445,historical,PT,jvs_q_nace2
2019,34149.0,30256.023365557194,historical,PT,jvs_q_nace2
2019,35124.0,30256.023365557194,historical,PT,jvs_q_nace2
2019,37306.0,30256.023365557194,historical,PT,jvs_q_nace2
2019,33266.0,30256.023365557194,historical,PT,jvs_q_nace2
2020,19856.0,33645.463120281696,historical,PT,jvs_q_nace2
2020,23797.0,33645.463120281696,historical,PT,jvs_q_nace2
2020,24607.0,33645.463120281696,historical,PT,jvs_q_nace2
2020,24132.0,33645.463120281696,historical,PT,jvs_q_nace2
2021,27746.0,37293.27014654875,historical,PT,jvs_q_nace2
2021,35462.0,37293.27014654875,historical,PT,jvs_q_nace2
2021,42823.0,37293.27014654875,historical,PT,jvs_q_nace2
2021,36543.0,37293.27014654875,historical,PT,jvs_q_nace2
2022,48885.0,41199.44444447756,historical,PT,jvs_q_nace2
2022,51382.0,41199.44444447756,historical,PT,jvs_q_nace2
2022,61626.0,41199.44444447756,historical,PT,jvs_q_nace2
2022,54933.0,41199.44444447756,historical,PT,jvs_q_nace2
2023,48103.0,45363.98601400852,historical,PT,jvs_q_nace2
2023,57375.0,45363.98601400852,historical,PT,jvs_q_nace2
2023,53685.0,45363.98601400852,historical,PT,jvs_q_nace2
2023,49348.0,45363.98601400852,historical,PT,jvs_q_nace2
2024,48252.0,49786.89485514164,historical,PT,jvs_q_nace2
2024,53087.0,49786.89485514164,historical,PT,jvs_q_nace2
2024,53284.0,49786.89485514164,historical,PT,jvs_q_nace2
2024,49084.0,49786.89485514164,historical,PT,jvs_q_nace2
2025,56948.0,54468.170967936516,historical,PT,jvs_q_nace2
2025,54987.0,54468.170967936516,historical,PT,jvs_q_nace2
2025,56952.0,54468.170967936516,historical,PT,jvs_q_nace2
2026,,59407.81435227394,forecast,PT,jvs_q_nace2
2027,,64605.825008273125,forecast,PT,jvs_q_nace2
2028,,70062.20293593407,forecast,PT,jvs_q_nace2
2029,,75776.94813513756,forecast,PT,jvs_q_nace2
2030,,81750.06060612202,forecast,PT,jvs_q_nace2
